tenant,gaz,maxRec,address
PerfTenant13,Camden1,5,St
PerfTenant15,Camden1,5,FARM GLASSMOOR BANK
PerfTenant6,Camden1,5,3 TRESHAM ROAD
PerfTenant23,Camden4,5,Compton
PerfTenant6,Camden1,5,OLLARD
PerfTenant4,Camden4,5,COURT
PerfTenant25,Camden1,5,15
PerfTenant20,Camden3,5,Cambridge Cambridgeshire CB4
PerfTenant20,Camden2,5,"Harley Road,"
PerfTenant18,Camden3,5,WIMBLINGTON CAMBRIDGESHIRE PE15
PerfTenant2,Camden4,5,STREET RECORD HARVEST
PerfTenant11,Camden3,5,End
PerfTenant3,Camden4,5,8
PerfTenant1,Camden4,5,ROW
PerfTenant24,Camden1,5,5 SMITH
PerfTenant11,Camden2,5,41 Heath
PerfTenant20,Camden4,5,MOWLANDS
PerfTenant16,Camden3,5,CUTTER 123 MAPLE
PerfTenant6,Camden2,5,42 SPRINGFIELD AVENUE
PerfTenant24,Camden4,5,Agar
PerfTenant25,Camden2,5,Garage 1 Evans
PerfTenant24,Camden4,5,HENLEY
PerfTenant25,Camden1,5,Foster Road Cambridge
PerfTenant4,Camden3,5,STILTON CAMBRIDGESHIRE
PerfTenant3,Camden1,5,FLAT 39
PerfTenant11,Camden3,5,"57-59 Neal Street,"
PerfTenant3,Camden4,5,"Southfleet,"
PerfTenant2,Camden2,5,19
PerfTenant23,Camden1,5,FACTOR
PerfTenant6,Camden4,5,GREAT
PerfTenant17,Camden2,5,Rectory Road
PerfTenant3,Camden3,5,"Ranworth Mansions,"
PerfTenant20,Camden1,5,Fortess
PerfTenant8,Camden3,5,Cambridge Cambridgeshire
PerfTenant18,Camden3,5,BRADSHAW
PerfTenant21,Camden3,5,Flat
PerfTenant22,Camden2,5,"2, 57"
PerfTenant10,Camden3,5,GARDENS CAMBRIDGE
PerfTenant12,Camden2,5,ORTON
PerfTenant17,Camden2,5,"64 Harvard Court,"
PerfTenant6,Camden3,5,EAST LIMITED
PerfTenant4,Camden1,5,GARDENS ELY
PerfTenant12,Camden4,5,22 Rock
PerfTenant17,Camden3,5,"Place, London, NW6"
PerfTenant4,Camden3,5,Cambridge Cambridgeshire CB1
PerfTenant16,Camden3,5,85 NENE ROAD
PerfTenant5,Camden2,5,Downing College Athletic
PerfTenant8,Camden2,5,AVENUE WALTON
PerfTenant25,Camden4,5,Road Cambridge
PerfTenant17,Camden4,5,Broad End Elsworth
PerfTenant23,Camden3,5,WERRINGTON PETERBOROUGH
PerfTenant8,Camden2,5,FLAT 3 5
PerfTenant8,Camden3,5,"Street, London,"
PerfTenant17,Camden1,5,Record
PerfTenant11,Camden4,5,251 Barnwell Road
PerfTenant5,Camden1,5,BRIDGE
PerfTenant7,Camden4,5,LOWNDES DROVE
PerfTenant11,Camden1,5,Street Fulbourn
PerfTenant21,Camden4,5,Morden Cambridgeshire
PerfTenant17,Camden2,5,RISE WELLAND PETERBOROUGH
PerfTenant6,Camden1,5,"Hill,"
PerfTenant19,Camden3,5,Cambridge
PerfTenant14,Camden3,5,Waterbeach
PerfTenant11,Camden4,5,Place
PerfTenant10,Camden2,5,90
PerfTenant10,Camden2,5,The Flat 8
PerfTenant17,Camden2,5,WISTOW CAMBRIDGESHIRE PE28
PerfTenant17,Camden3,5,Health Addenbrookes
PerfTenant9,Camden3,5,"House, Portpool Lane,"
PerfTenant15,Camden1,5,Cambridge Cambridgeshire CB1
PerfTenant21,Camden1,5,"Villas,"
PerfTenant22,Camden3,5,"Delancey Studios, London,"
PerfTenant6,Camden2,5,44 Bourneys
PerfTenant7,Camden4,5,STREET STETCHWORTH SUFFOLK
PerfTenant25,Camden3,5,End Road Cambridge
PerfTenant21,Camden3,5,WEST END
PerfTenant20,Camden3,5,WARE LANE
PerfTenant22,Camden1,5,15 Rectory Close
PerfTenant16,Camden2,5,WISBECH
PerfTenant14,Camden2,5,24
PerfTenant12,Camden3,5,FLAT 1 79
PerfTenant14,Camden3,5,103
PerfTenant19,Camden3,5,CHATTERIS
PerfTenant7,Camden4,5,WISBECH CAMBRIDGESHIRE PE13
PerfTenant5,Camden2,5,20
PerfTenant18,Camden1,5,76 LOW
PerfTenant3,Camden1,5,ROAD
PerfTenant3,Camden3,5,44 Sidney Street
PerfTenant20,Camden4,5,LUTTON GROVE
PerfTenant4,Camden2,5,"Grafton Road,"
PerfTenant12,Camden3,5,MILLFIELD PETERBOROUGH PE1
PerfTenant10,Camden2,5,MARCH
PerfTenant22,Camden2,5,67 Fordwych
PerfTenant24,Camden4,5,17
PerfTenant6,Camden1,5,Holly Lodge
PerfTenant4,Camden1,5,Houses
PerfTenant1,Camden2,5,GOREFIELD ROAD
PerfTenant19,Camden4,5,ORTON NORTHGATE PETERBOROUGH
PerfTenant17,Camden4,5,PAXTON CAMBRIDGESHIRE
PerfTenant2,Camden4,5,VICTORIA STREET
PerfTenant15,Camden3,5,Road Shudy
PerfTenant5,Camden1,5,"Road,"
PerfTenant8,Camden4,5,DOGSTHORPE PETERBOROUGH
PerfTenant4,Camden4,5,Steeple Morden
PerfTenant13,Camden4,5,COURT
PerfTenant7,Camden4,5,Storeys
PerfTenant21,Camden2,5,Road Cambridge
PerfTenant16,Camden3,5,Fellows
PerfTenant20,Camden4,5,Head Road
PerfTenant16,Camden4,5,HIGH ROAD GOREFIELD
PerfTenant5,Camden2,5,Bar Hill
PerfTenant2,Camden2,5,LITTLE THETFORD
PerfTenant10,Camden3,5,STREET PETERBOROUGH
PerfTenant2,Camden1,5,4
PerfTenant13,Camden2,5,IVES
PerfTenant8,Camden2,5,IVES
PerfTenant10,Camden2,5,COLDHAMS
PerfTenant13,Camden1,5,"Kentish Town Road,"
PerfTenant23,Camden1,5,39
PerfTenant6,Camden2,5,BRIDGE BRAMPTON
PerfTenant4,Camden2,5,11 HAMMOND
PerfTenant11,Camden1,5,28 WALNUT TREE
PerfTenant5,Camden2,5,"Mews, London,"
PerfTenant21,Camden2,5,CROSS MIDGATE PETERBOROUGH
PerfTenant7,Camden1,5,"Cavendish Mansions,"
PerfTenant17,Camden3,5,Savernake
PerfTenant18,Camden1,5,"21 Hadley Street,"
PerfTenant19,Camden4,5,Hoops 1
PerfTenant25,Camden1,5,HARLTON CLOSE
PerfTenant5,Camden1,5,"Road, London,"
PerfTenant20,Camden3,5,"Camden Park Road,"
PerfTenant25,Camden3,5,"Avenue, London,"
PerfTenant17,Camden4,5,WITCHFORD CAMBRIDGESHIRE CB6
PerfTenant4,Camden2,5,36 Keates Road
PerfTenant20,Camden4,5,194 Maitland Park
PerfTenant9,Camden2,5,HUNTINGDON CAMBRIDGESHIRE PE29
PerfTenant13,Camden2,5,MUSKHAM BRETTON PETERBOROUGH
PerfTenant3,Camden2,5,ENGLAND PETERBOROUGH PE1
PerfTenant6,Camden1,5,Way
PerfTenant8,Camden1,5,Hill Cambridgeshire CB23
PerfTenant22,Camden4,5,Fitzjohn's
PerfTenant12,Camden3,5,"Cranbrook,"
PerfTenant3,Camden3,5,16 Apthorpe
PerfTenant17,Camden3,5,Orwell Cambridgeshire SG8
PerfTenant6,Camden4,5,CHATTERIS
PerfTenant20,Camden2,5,MARY
PerfTenant21,Camden4,5,85
PerfTenant3,Camden2,5,Richborough
PerfTenant22,Camden1,5,58 Ainsworth Street
PerfTenant23,Camden4,5,Lambourn Close
PerfTenant1,Camden3,5,12
PerfTenant25,Camden4,5,13 Warren
PerfTenant23,Camden1,5,STILTON
PerfTenant11,Camden4,5,CALDBECK CLOSE GUNTHORPE
PerfTenant11,Camden4,5,8 JEFFERY
PerfTenant24,Camden1,5,9A Dale
PerfTenant14,Camden4,5,PERNYS CLOSE HAMPTON
PerfTenant6,Camden1,5,13 Churchill
PerfTenant6,Camden2,5,OLD STABLES BERRYCROFT
PerfTenant25,Camden2,5,WISBECH CAMBRIDGESHIRE PE13
PerfTenant6,Camden1,5,"Gillies Street,"
PerfTenant19,Camden1,5,2 Poorsfield Road
PerfTenant11,Camden2,5,FARM
PerfTenant18,Camden4,5,Fulbourn
PerfTenant9,Camden2,5,Street
PerfTenant20,Camden3,5,STREET WITCHAM
PerfTenant20,Camden1,5,HYHOLMES BRETTON
PerfTenant23,Camden4,5,ORTON LONGUEVILLE
PerfTenant17,Camden2,5,HIGHLODE INDUSTRIAL ESTATE
PerfTenant15,Camden3,5,Juniper
PerfTenant1,Camden1,5,The Tram Yard
PerfTenant11,Camden3,5,SEVENACRES
PerfTenant25,Camden1,5,ACCOMMODATION 14
PerfTenant2,Camden4,5,High Street Guilden
PerfTenant11,Camden1,5,"Kiln Place, London,"
PerfTenant11,Camden2,5,ROAD PETERBOROUGH
PerfTenant11,Camden3,5,VIOLET WAY YAXLEY
PerfTenant12,Camden1,5,STANGROUND PETERBOROUGH
PerfTenant7,Camden4,5,3
PerfTenant2,Camden3,5,2D
PerfTenant23,Camden3,5,61
PerfTenant2,Camden1,5,STANGROUND PETERBOROUGH PE2
PerfTenant18,Camden2,5,LANE LITTLEPORT CAMBRIDGESHIRE
PerfTenant6,Camden2,5,"Crescent, London, NW5"
PerfTenant14,Camden1,5,VERE ROAD NEW
PerfTenant5,Camden2,5,Alfred
PerfTenant5,Camden3,5,Street Cambridge Cambridgeshire
PerfTenant15,Camden3,5,ROAD WALTON
PerfTenant24,Camden3,5,Durdans
PerfTenant2,Camden3,5,Road Cambridge
PerfTenant17,Camden2,5,Way Cambridge Cambridgeshire
PerfTenant25,Camden3,5,Close Cambridge Cambridgeshire
PerfTenant11,Camden4,5,MARHOLM ROAD
PerfTenant25,Camden2,5,Balsham Cambridgeshire
PerfTenant4,Camden2,5,SHARPS
PerfTenant8,Camden2,5,ROAD
PerfTenant2,Camden1,5,"62 Churchway, London,"
PerfTenant22,Camden1,5,"Road, London,"
PerfTenant17,Camden4,5,PARK LANE EASTFIELD
PerfTenant9,Camden1,5,The
PerfTenant12,Camden2,5,1
PerfTenant3,Camden1,5,AVENUE PARK FARM
PerfTenant24,Camden2,5,6
PerfTenant10,Camden4,5,MARCH CAMBRIDGESHIRE
PerfTenant18,Camden2,5,Cambridge
PerfTenant20,Camden4,5,8 CAMBRIDGE STREET
PerfTenant10,Camden1,5,Adrian
PerfTenant11,Camden3,5,WISBECH CAMBRIDGESHIRE
PerfTenant22,Camden4,5,MARKET STREET ELY
PerfTenant6,Camden2,5,BURWELL CAMBRIDGESHIRE CB25
PerfTenant2,Camden4,5,Farm The Drift
PerfTenant9,Camden2,5,RECORD CHURCH
PerfTenant3,Camden4,5,ROAD MILLFIELD
PerfTenant17,Camden1,5,29
PerfTenant4,Camden2,5,TRAINING ASSOCIATION OLD
PerfTenant23,Camden1,5,5 WESTON
PerfTenant4,Camden3,5,HOUSE SCHOOL ROAD
PerfTenant15,Camden3,5,"Street, London, NW1"
PerfTenant18,Camden4,5,ORTON MALBORNE
PerfTenant6,Camden2,5,155
PerfTenant23,Camden1,5,GREENFIELDS EARITH
PerfTenant23,Camden1,5,Close Cambridge
PerfTenant5,Camden4,5,PARSONAGE
PerfTenant6,Camden3,5,ST
PerfTenant1,Camden2,5,"69 Penshurst,"
PerfTenant22,Camden4,5,RISE
PerfTenant6,Camden4,5,59 Carey
PerfTenant25,Camden3,5,"Road,"
PerfTenant14,Camden1,5,"Langbourne Avenue,"
PerfTenant3,Camden2,5,HAMPTON VALE
PerfTenant10,Camden4,5,BROOKSIDE SAWTRY CAMBRIDGESHIRE
PerfTenant10,Camden4,5,97 SQUIRES GATE
PerfTenant9,Camden4,5,32 SERJEANTS
PerfTenant24,Camden4,5,"Road, London,"
PerfTenant9,Camden2,5,PRIMARY SCHOOL
PerfTenant10,Camden3,5,Cambridge Cambridgeshire
PerfTenant19,Camden1,5,PLACE GUNTHORPE PETERBOROUGH
PerfTenant2,Camden1,5,9
PerfTenant22,Camden3,5,Elmfield
PerfTenant17,Camden4,5,DRIVE
PerfTenant11,Camden2,5,"Hylda Court,"
PerfTenant14,Camden3,5,REDWING CLOSE
PerfTenant4,Camden2,5,134 SHEEPWALK PASTON
PerfTenant14,Camden1,5,Impington Cambridgeshire CB4
PerfTenant6,Camden4,5,Square
PerfTenant19,Camden2,5,Road Dry Drayton
PerfTenant20,Camden1,5,7 QUEEN
PerfTenant25,Camden4,5,MARCH CAMBRIDGESHIRE
PerfTenant4,Camden4,5,15
PerfTenant4,Camden4,5,CLOSE
PerfTenant19,Camden1,5,1 BETWEEN
PerfTenant20,Camden3,5,ALLEN
PerfTenant6,Camden2,5,"Market,"
PerfTenant5,Camden2,5,LABURNUM
PerfTenant15,Camden3,5,Downshire
PerfTenant12,Camden4,5,CARAVAN SITE
PerfTenant18,Camden4,5,70 Haverstock
PerfTenant14,Camden2,5,ELY CAMBRIDGESHIRE
PerfTenant8,Camden3,5,Station Road
PerfTenant4,Camden1,5,WALTON
PerfTenant17,Camden4,5,CHARTWELL CLOSE
PerfTenant6,Camden3,5,Old House 1
PerfTenant15,Camden2,5,Court Brandon
PerfTenant1,Camden4,5,Wilbraham Cambridgeshire
PerfTenant18,Camden3,5,"Grove, London,"
PerfTenant11,Camden1,5,Trees Road Great
PerfTenant22,Camden2,5,Cambridge Cambridgeshire CB2
PerfTenant12,Camden3,5,MARYS
PerfTenant9,Camden3,5,CLOSE THORNEY PETERBOROUGH
PerfTenant7,Camden1,5,32
PerfTenant6,Camden2,5,WERRINGTON PETERBOROUGH
PerfTenant18,Camden1,5,Fulbourn Cambridgeshire
PerfTenant14,Camden2,5,BROAD OAKS 30
PerfTenant9,Camden3,5,EYE
PerfTenant15,Camden4,5,WALK BURY
PerfTenant3,Camden3,5,STREET GODMANCHESTER
PerfTenant2,Camden3,5,Lane
PerfTenant17,Camden3,5,STORAGE LAND SUNFLOWER
PerfTenant6,Camden2,5,FENGATE PETERBOROUGH PE1
PerfTenant20,Camden2,5,Cambridge Road
PerfTenant17,Camden3,5,Cambridge Cambridgeshire CB5
PerfTenant8,Camden2,5,FEN
PerfTenant25,Camden2,5,PASTON PETERBOROUGH
PerfTenant10,Camden4,5,Cambridge Cambridgeshire
PerfTenant16,Camden1,5,BURWELL CAMBRIDGESHIRE
PerfTenant7,Camden2,5,Bassett
PerfTenant9,Camden1,5,RECORD THE ORCHARDS
PerfTenant10,Camden3,5,10 Evans
PerfTenant17,Camden2,5,"Agar Grove, London,"
PerfTenant23,Camden1,5,DRIVE MARCH CAMBRIDGESHIRE
PerfTenant3,Camden3,5,9 ORTHWAITE HUNTINGDON
PerfTenant21,Camden1,5,ST NEOTS CAMBRIDGESHIRE
PerfTenant18,Camden4,5,CRANEMORE WERRINGTON PETERBOROUGH
PerfTenant19,Camden2,5,Broomsleigh
PerfTenant18,Camden3,5,"Flat 3, 10"
PerfTenant1,Camden4,5,ELIZABETH
PerfTenant20,Camden3,5,Hostel West
PerfTenant4,Camden4,5,112 William
PerfTenant13,Camden3,5,HALE FEN
PerfTenant11,Camden2,5,"Street,"
PerfTenant1,Camden3,5,RAMSEY
PerfTenant10,Camden2,5,MAIN STREET
PerfTenant5,Camden2,5,Road Landbeach
PerfTenant20,Camden4,5,Road Cambridge Cambridgeshire
PerfTenant2,Camden2,5,4A
PerfTenant7,Camden1,5,WESTWOOD PARK
PerfTenant10,Camden1,5,Street
PerfTenant13,Camden3,5,"Street, London, W1T"
PerfTenant13,Camden1,5,ERMINE STREET LITTLE
PerfTenant19,Camden4,5,COVENEY CAMBRIDGESHIRE CB6
PerfTenant21,Camden3,5,"Acol Road,"
PerfTenant7,Camden1,5,Flat 3
PerfTenant25,Camden1,5,22 ELTISLEY ROAD
PerfTenant8,Camden3,5,191 ST PAULS
PerfTenant12,Camden4,5,"Street, London,"
PerfTenant10,Camden3,5,TOLLGATE BRETTON PETERBOROUGH
PerfTenant14,Camden4,5,COATES
PerfTenant19,Camden3,5,Moor
PerfTenant7,Camden1,5,Road Cambridge Cambridgeshire
PerfTenant3,Camden1,5,Mowbray
PerfTenant4,Camden2,5,CUMBERLAND
PerfTenant15,Camden2,5,"Health, London,"
PerfTenant20,Camden4,5,Town
PerfTenant5,Camden1,5,TRINITY
PerfTenant1,Camden2,5,"Street,"
PerfTenant19,Camden4,5,B3
PerfTenant16,Camden4,5,Flat 33
PerfTenant22,Camden3,5,81 Parkhill
PerfTenant16,Camden3,5,117-119 Royal
PerfTenant12,Camden2,5,St Regis
PerfTenant5,Camden1,5,Great
PerfTenant19,Camden2,5,PENDULA ROAD
PerfTenant17,Camden4,5,Cambridge
PerfTenant13,Camden1,5,EDGCOTE
PerfTenant1,Camden4,5,CLAYTON ORTON
PerfTenant12,Camden4,5,NORTH ROAD
PerfTenant16,Camden1,5,"10 Estelle Road,"
PerfTenant20,Camden1,5,ROAD ORTON
PerfTenant6,Camden3,5,WISTOW PETERBOROUGH
PerfTenant25,Camden1,5,HELPSTON PETERBOROUGH
PerfTenant14,Camden1,5,GODMANCHESTER
PerfTenant16,Camden1,5,Lambs
PerfTenant10,Camden3,5,PEMBROKE AVENUE
PerfTenant14,Camden3,5,SOHAM
PerfTenant20,Camden1,5,Bassingbourn Cum Kneesworth
PerfTenant13,Camden2,5,SUB STATION
PerfTenant16,Camden1,5,Station
PerfTenant7,Camden4,5,SUITE 15 31
PerfTenant18,Camden1,5,Cambridge
PerfTenant9,Camden1,5,9 Priory
PerfTenant22,Camden3,5,Road Stapleford Cambridgeshire
PerfTenant24,Camden4,5,GODMANCHESTER CAMBRIDGESHIRE PE29
PerfTenant7,Camden4,5,"Hunter Street,"
PerfTenant22,Camden2,5,"Flat 3, 28"
PerfTenant12,Camden4,5,EYE ROAD DOGSTHORPE
PerfTenant5,Camden3,5,Flat
PerfTenant24,Camden4,5,"Street, London,"
PerfTenant11,Camden4,5,"Flat B, 14"
PerfTenant1,Camden2,5,Angle Lane Shepreth
PerfTenant23,Camden4,5,"Calthorpe Street,"
PerfTenant19,Camden2,5,Market
PerfTenant2,Camden4,5,"Lane,"
PerfTenant14,Camden2,5,SHEPPERSONS GROVE MARCH
PerfTenant6,Camden4,5,ROAD BENWICK
PerfTenant12,Camden3,5,17
PerfTenant24,Camden2,5,Street
PerfTenant10,Camden3,5,1 Hartingdon House
PerfTenant1,Camden2,5,ROAD
PerfTenant12,Camden1,5,SYCAMORE DRIVE HUNTINGDON
PerfTenant7,Camden4,5,"Sherriff Road, London,"
PerfTenant24,Camden4,5,Cricklewood
PerfTenant20,Camden4,5,CHURCH STREET
PerfTenant1,Camden2,5,"Cannon Hill,"
PerfTenant22,Camden3,5,27
PerfTenant1,Camden1,5,102
PerfTenant21,Camden3,5,11 Gower
PerfTenant3,Camden1,5,"Southampton Row,"
PerfTenant24,Camden4,5,90
PerfTenant3,Camden1,5,LOW ROAD
PerfTenant22,Camden1,5,24
PerfTenant3,Camden4,5,Scholars
PerfTenant3,Camden4,5,Road Cambridge Cambridgeshire
PerfTenant10,Camden3,5,OWL WAY HARTFORD
PerfTenant9,Camden3,5,WHITTLESEY
PerfTenant23,Camden4,5,SOUTH STREET WOODHURST
PerfTenant3,Camden4,5,MARCH
PerfTenant24,Camden2,5,37 ORCHARD CLOSE
PerfTenant10,Camden3,5,GARDENS KIMBOLTON
PerfTenant16,Camden1,5,CHATTERIS CAMBRIDGESHIRE
PerfTenant24,Camden4,5,WALTON PETERBOROUGH PE4
PerfTenant19,Camden1,5,1B CLAY
PerfTenant8,Camden2,5,ANSON PLACE EATON
PerfTenant14,Camden1,5,GILES CAMBRIDGESHIRE
PerfTenant7,Camden3,5,44
PerfTenant22,Camden4,5,24
PerfTenant21,Camden4,5,Villa Road Histon
PerfTenant19,Camden1,5,HAMPTON HARGATE
PerfTenant5,Camden1,5,"Church Walk, London,"
PerfTenant3,Camden2,5,Oxford Road
PerfTenant21,Camden3,5,35 Eton
PerfTenant16,Camden1,5,Weavers
PerfTenant11,Camden2,5,31 PAYNESHOLM
PerfTenant21,Camden3,5,"116 Agar Grove,"
PerfTenant4,Camden1,5,STANGROUND PETERBOROUGH
PerfTenant1,Camden4,5,MEADENVALE
PerfTenant18,Camden2,5,House Adrian
PerfTenant15,Camden4,5,ROAD WISBECH
PerfTenant4,Camden4,5,LAND
PerfTenant23,Camden3,5,ROAD CHEVELEY
PerfTenant10,Camden2,5,YAXLEY
PerfTenant13,Camden2,5,"Alban's Road,"
PerfTenant12,Camden3,5,Abington Cambridgeshire CB21
PerfTenant19,Camden3,5,Balsham Cambridgeshire
PerfTenant8,Camden4,5,"Mortimer Crescent, London,"
PerfTenant4,Camden3,5,CAR PARK PRIORY
PerfTenant14,Camden2,5,WHITTLESEY CAMBRIDGESHIRE
PerfTenant3,Camden2,5,"Mora Burnet House,"
PerfTenant20,Camden4,5,174 Hills
PerfTenant12,Camden3,5,ALCONBURY
PerfTenant6,Camden2,5,WAY EYE
PerfTenant16,Camden1,5,WOODHALL RISE
PerfTenant11,Camden3,5,4 REGAL
PerfTenant12,Camden2,5,"Grafton Way,"
PerfTenant6,Camden4,5,Lane Cambridge Cambridgeshire
PerfTenant3,Camden4,5,"45 Hatton Garden,"
PerfTenant1,Camden1,5,FLETTON
PerfTenant1,Camden4,5,WHITTLESEY CAMBRIDGESHIRE
PerfTenant2,Camden1,5,46
PerfTenant19,Camden3,5,5
PerfTenant6,Camden4,5,View Dry Drayton
PerfTenant12,Camden2,5,12
PerfTenant20,Camden4,5,"320,"
PerfTenant14,Camden3,5,53 LESSINGHAM ORTON
PerfTenant9,Camden4,5,"House, 97-107 Southampton"
PerfTenant14,Camden1,5,Meadow Lane Linton
PerfTenant17,Camden3,5,Cambridge Cambridgeshire
PerfTenant7,Camden4,5,EATON
PerfTenant1,Camden3,5,"Floor, 178"
PerfTenant16,Camden2,5,69 ORTHWAITE
PerfTenant20,Camden1,5,POPLARS
PerfTenant21,Camden1,5,Cambridge Cambridgeshire CB2
PerfTenant2,Camden4,5,"Gardens, London, NW6"
PerfTenant20,Camden1,5,House 1
PerfTenant2,Camden1,5,TLS VEHICLE RENTAL
PerfTenant2,Camden2,5,Cambridge Cambridgeshire
PerfTenant20,Camden2,5,Road Girton
PerfTenant13,Camden1,5,GROVE ST
PerfTenant5,Camden4,5,Flat
PerfTenant9,Camden1,5,WAY SOHAM CAMBRIDGESHIRE
PerfTenant11,Camden3,5,Road Fulbourn Cambridgeshire
PerfTenant14,Camden4,5,"Herbrand Street,"
PerfTenant21,Camden3,5,"A, 59 Eton"
PerfTenant15,Camden2,5,14 TEMPLE
PerfTenant6,Camden3,5,"Loveridge Road,"
PerfTenant13,Camden2,5,CASTOR PETERBOROUGH
PerfTenant17,Camden3,5,WHITTLESEY ROAD
PerfTenant18,Camden2,5,Fernlea Close Cambridge
PerfTenant20,Camden2,5,Edis
PerfTenant9,Camden1,5,2 Murdoch
PerfTenant21,Camden2,5,Cambridge
PerfTenant7,Camden2,5,Road Cambridge Cambridgeshire
PerfTenant7,Camden1,5,"Carleton Gardens, Brecknock"
PerfTenant21,Camden4,5,PRIOR
PerfTenant7,Camden2,5,ROAD MARCH CAMBRIDGESHIRE
PerfTenant15,Camden2,5,LANE OFFORD
PerfTenant20,Camden2,5,Chesterford House Southacre
PerfTenant8,Camden2,5,Borrowdale Cambridge
PerfTenant16,Camden3,5,NEW
PerfTenant19,Camden2,5,Girton
PerfTenant6,Camden3,5,Tenison
PerfTenant15,Camden1,5,Trevone Place Cambridge
PerfTenant9,Camden4,5,EATON SOCON
PerfTenant18,Camden1,5,MANOR VIEW
PerfTenant20,Camden3,5,GROVE WERRINGTON
PerfTenant17,Camden3,5,Flat 18
PerfTenant16,Camden3,5,GORSE GREEN
PerfTenant10,Camden4,5,Paxton Close
PerfTenant25,Camden4,5,QUEEN
PerfTenant21,Camden2,5,4 THE PIGEONS
PerfTenant21,Camden2,5,128
PerfTenant24,Camden4,5,12 CREEK
PerfTenant18,Camden4,5,Court Cambridge Cambridgeshire
PerfTenant1,Camden1,5,Court Fulbourn Cambridgeshire
PerfTenant11,Camden3,5,FANE
PerfTenant18,Camden3,5,WATER HUNTINGDON CAMBRIDGESHIRE
PerfTenant14,Camden4,5,PLOT 3
PerfTenant13,Camden4,5,ISLEHAM CAMBRIDGESHIRE CB7
PerfTenant14,Camden2,5,HEADLANDS FENSTANTON CAMBRIDGESHIRE
PerfTenant18,Camden1,5,"Denton, Malden"
PerfTenant2,Camden1,5,52 Rashleigh
PerfTenant12,Camden4,5,"6 Buttermere,"
PerfTenant7,Camden3,5,EYE PETERBOROUGH
PerfTenant7,Camden1,5,SQUARE MILLFIELD
PerfTenant12,Camden3,5,Margaret Beaufort
PerfTenant10,Camden3,5,Gamlingay Cambridgeshire
PerfTenant7,Camden3,5,148
PerfTenant20,Camden3,5,ORCHARDS SUTTON
PerfTenant14,Camden3,5,Fairfax
PerfTenant25,Camden3,5,58 Fulbourn Road
PerfTenant3,Camden1,5,"Court, London,"
PerfTenant1,Camden4,5,BROADWAY PETERBOROUGH PE1
PerfTenant16,Camden4,5,9 BROOK
PerfTenant4,Camden4,5,"House,"
PerfTenant8,Camden3,5,BUILDING HIGH
PerfTenant2,Camden4,5,TUNBRIDGE CLOSE BOTTISHAM
PerfTenant20,Camden1,5,HUNSBURY CLOSE
PerfTenant4,Camden2,5,WOODSTON
PerfTenant22,Camden1,5,ST MARY
PerfTenant18,Camden4,5,48 POPES LANE
PerfTenant16,Camden1,5,Impington
PerfTenant5,Camden2,5,57 Charrington
PerfTenant4,Camden3,5,House 29
PerfTenant16,Camden4,5,WISBECH ROAD THORNEY
PerfTenant11,Camden1,5,IVES CAMBRIDGESHIRE
PerfTenant8,Camden3,5,"Road,"
PerfTenant7,Camden4,5,21 MANCHESTER
PerfTenant12,Camden2,5,THE CAUSEWAY ISLEHAM
PerfTenant12,Camden2,5,26 SOMERBY GARTH
PerfTenant23,Camden2,5,QUEEN ELIZABETH DRIVE
PerfTenant3,Camden2,5,51-53
PerfTenant8,Camden2,5,13
PerfTenant18,Camden1,5,THE
PerfTenant9,Camden1,5,HIGH STREET
PerfTenant18,Camden1,5,Way Cambourne
PerfTenant15,Camden1,5,4 GRENVILLE HOUSE
PerfTenant1,Camden2,5,SWALE AVENUE GUNTHORPE
PerfTenant15,Camden2,5,19
PerfTenant10,Camden2,5,19 THE ORCHARDS
PerfTenant5,Camden2,5,31
PerfTenant10,Camden2,5,Record
PerfTenant20,Camden4,5,66
PerfTenant22,Camden3,5,RAMSEY
PerfTenant2,Camden1,5,"House, 1-3 Lansdowne"
PerfTenant16,Camden2,5,BUNGALOW REAR
PerfTenant18,Camden4,5,Linton
PerfTenant1,Camden4,5,"Road, London,"
PerfTenant7,Camden4,5,CALIFORNIA
PerfTenant6,Camden3,5,19
PerfTenant22,Camden2,5,ELY CAMBRIDGESHIRE
PerfTenant3,Camden3,5,48 AXIOM AVENUE
PerfTenant22,Camden4,5,5 THE
PerfTenant12,Camden3,5,Road Whittlesford Cambridgeshire
PerfTenant16,Camden4,5,GREY
PerfTenant4,Camden1,5,6 MANSFIELD
PerfTenant20,Camden1,5,CHURCH
PerfTenant20,Camden2,5,"1st Floor, 45"
PerfTenant9,Camden2,5,GARAGE 1 BETWEEN
PerfTenant22,Camden2,5,WREN CLOSE
PerfTenant9,Camden2,5,HUNTLY GROVE
PerfTenant8,Camden4,5,22 MUNDAY
PerfTenant5,Camden3,5,9 BENTLEY AVENUE
PerfTenant10,Camden4,5,"Heath Road,"
PerfTenant4,Camden2,5,WAY
PerfTenant1,Camden1,5,ROAD EASTFIELD PETERBOROUGH
PerfTenant8,Camden4,5,Caravan
PerfTenant11,Camden3,5,Cambourne Cambridgeshire
PerfTenant25,Camden2,5,WESTFIELD ROAD
PerfTenant7,Camden4,5,"Inverness Street, London,"
PerfTenant18,Camden3,5,MARCH CAMBRIDGESHIRE PE15
PerfTenant7,Camden2,5,KING
PerfTenant5,Camden3,5,1
PerfTenant22,Camden3,5,ST
PerfTenant11,Camden4,5,BRETTON PETERBOROUGH
PerfTenant10,Camden4,5,ROYSTON AVENUE
PerfTenant12,Camden2,5,PADDOCK EATON
PerfTenant7,Camden2,5,IRONBRIDGE PATH
PerfTenant19,Camden4,5,STATION ROAD THORNEY
PerfTenant1,Camden3,5,SERVICES
PerfTenant2,Camden2,5,7 Bucksherd
PerfTenant3,Camden1,5,"Flat 2,"
PerfTenant1,Camden4,5,"Fairfield,"
PerfTenant11,Camden3,5,"Avenue,"
PerfTenant16,Camden2,5,5 HOMELANDS GUYHIRN
PerfTenant6,Camden3,5,"Road, London,"
PerfTenant19,Camden2,5,"72 Ludham, Lismore"
PerfTenant13,Camden4,5,315 Milton
PerfTenant6,Camden4,5,North Road Whaddon
PerfTenant25,Camden1,5,CLOSE
PerfTenant4,Camden2,5,25 QUEEN
PerfTenant23,Camden2,5,"165 Sumatra Road,"
PerfTenant7,Camden3,5,"Street, London,"
PerfTenant5,Camden4,5,EATON SOCON
PerfTenant16,Camden2,5,Fitzgerald Place
PerfTenant11,Camden1,5,1
PerfTenant15,Camden2,5,RIPTON
PerfTenant21,Camden3,5,2 Marshall Road
PerfTenant4,Camden4,5,Eachard
PerfTenant10,Camden3,5,Gilbert Road Cambridge
PerfTenant5,Camden3,5,FORDHAM
PerfTenant12,Camden1,5,Camden High
PerfTenant7,Camden1,5,"41 Belsize Park,"
PerfTenant20,Camden3,5,REAR OF
PerfTenant13,Camden4,5,Cambridge Cambridgeshire
PerfTenant2,Camden3,5,Cambridge Cambridgeshire
PerfTenant4,Camden1,5,29 TOLLGATE
PerfTenant7,Camden3,5,LAKE
PerfTenant1,Camden3,5,Eltisley
PerfTenant19,Camden3,5,Queen's
PerfTenant3,Camden4,5,RECORD PETERBOROUGH
PerfTenant21,Camden2,5,ELY
PerfTenant16,Camden2,5,Cambridge
PerfTenant2,Camden2,5,UPWELL
PerfTenant23,Camden2,5,"A,"
PerfTenant4,Camden2,5,Cambridge Cambridgeshire CB1
PerfTenant13,Camden1,5,7 VICTORIA
PerfTenant4,Camden3,5,WAITS
PerfTenant20,Camden1,5,THORPE PARK ROAD
PerfTenant2,Camden4,5,ASPLIN AVENUE
PerfTenant17,Camden1,5,4
PerfTenant4,Camden2,5,Papworth
PerfTenant8,Camden2,5,"Place,"
PerfTenant9,Camden1,5,GREY CAMBRIDGESHIRE PE28
PerfTenant11,Camden4,5,THORPE
PerfTenant17,Camden3,5,58 GILPIN
PerfTenant12,Camden2,5,COURT BOOTH WAY
PerfTenant16,Camden1,5,BULBECK CAMBRIDGESHIRE
PerfTenant24,Camden3,5,"Road, London, NW3"
PerfTenant23,Camden4,5,ALPHA
PerfTenant2,Camden4,5,12
PerfTenant10,Camden1,5,GRIFFITHS COURT ORTON
PerfTenant10,Camden1,5,MARCH CAMBRIDGESHIRE
PerfTenant4,Camden1,5,WAY HAMPTON
PerfTenant22,Camden4,5,107A CAMBRIDGE ROAD
PerfTenant23,Camden2,5,Lane
PerfTenant17,Camden3,5,THE
PerfTenant15,Camden4,5,ROAD
PerfTenant22,Camden4,5,WISBECH
PerfTenant20,Camden1,5,Cambridge Cambridgeshire CB1
PerfTenant10,Camden1,5,STREET SWAFFHAM BULBECK
PerfTenant10,Camden3,5,BRINK
PerfTenant6,Camden4,5,The Brambles
PerfTenant22,Camden4,5,Way Linton
PerfTenant9,Camden4,5,8 Mordell
PerfTenant13,Camden4,5,"Street, London,"
PerfTenant20,Camden3,5,House Adrian Way
PerfTenant13,Camden1,5,OLDFIELD AVENUE
PerfTenant3,Camden2,5,College
PerfTenant20,Camden2,5,47 MARCH
PerfTenant16,Camden2,5,Cambridge
PerfTenant5,Camden3,5,MILL HOUSE MILL
PerfTenant5,Camden4,5,ROAD HARTFORD CAMBRIDGESHIRE
PerfTenant15,Camden1,5,WHITTLESEY CAMBRIDGESHIRE PE7
PerfTenant7,Camden1,5,DROVE LITTLEPORT
PerfTenant15,Camden2,5,BEAVER CLOSE
PerfTenant22,Camden1,5,Flat
PerfTenant6,Camden3,5,"Elgar House, 11-17"
PerfTenant20,Camden2,5,"Birkenhead Street,"
PerfTenant17,Camden3,5,"Court,"
PerfTenant15,Camden1,5,24
PerfTenant10,Camden2,5,BROOKFURLONG RAVENSTHORPE
PerfTenant14,Camden4,5,PANTILES 16 WARE
PerfTenant4,Camden3,5,43
PerfTenant8,Camden2,5,LANE CHATTERIS CAMBRIDGESHIRE
PerfTenant11,Camden1,5,43
PerfTenant4,Camden4,5,"House, 2 Macklin"
PerfTenant12,Camden1,5,85
PerfTenant17,Camden1,5,Prince Of
PerfTenant3,Camden2,5,4 Prime
PerfTenant14,Camden1,5,CHASE MARCH
PerfTenant5,Camden2,5,Cambridge
PerfTenant14,Camden3,5,ROYCE ROAD
PerfTenant5,Camden2,5,"Sandwell Mansions,"
PerfTenant2,Camden1,5,63B
PerfTenant9,Camden1,5,18
PerfTenant9,Camden2,5,"Flat B, 9"
PerfTenant11,Camden1,5,ALCONBURY CAMBRIDGESHIRE PE28
PerfTenant16,Camden2,5,"Tideswell, Ingestre Road,"
PerfTenant9,Camden1,5,CHURCH STREET
PerfTenant24,Camden1,5,ROAD
PerfTenant9,Camden1,5,Court
PerfTenant8,Camden3,5,HILL
PerfTenant23,Camden3,5,28
PerfTenant13,Camden1,5,"Grove, London,"
PerfTenant13,Camden1,5,Sawston Cambridgeshire
PerfTenant9,Camden3,5,Cambridge
PerfTenant20,Camden2,5,STREET RECORD FIELD
PerfTenant1,Camden3,5,Grafton
PerfTenant23,Camden2,5,"Street,"
PerfTenant17,Camden2,5,AVENUE DOGSTHORPE PETERBOROUGH
PerfTenant1,Camden1,5,"Wrotham Road,"
PerfTenant9,Camden2,5,BECKINGHAM ORTON GOLDHAY
PerfTenant9,Camden3,5,ORTON
PerfTenant21,Camden1,5,82 High
PerfTenant9,Camden3,5,GARAGE 1 NORTH
PerfTenant17,Camden3,5,13A
PerfTenant16,Camden4,5,ROAD WITTERING
PerfTenant23,Camden4,5,THORPE ROAD
PerfTenant12,Camden2,5,CRABTREE PASTON
PerfTenant16,Camden1,5,STREET
PerfTenant12,Camden3,5,SHAKESPEARE
PerfTenant23,Camden3,5,STREET GREAT
PerfTenant20,Camden1,5,MARGARETS ROAD
PerfTenant7,Camden2,5,"Vale,"
PerfTenant9,Camden4,5,Cherry
PerfTenant23,Camden3,5,STREET
PerfTenant10,Camden3,5,Dundee Close Cambridge
PerfTenant16,Camden1,5,HOSTMOOR AVENUE
PerfTenant4,Camden4,5,COURT
PerfTenant25,Camden2,5,HILL THORNHAUGH
PerfTenant11,Camden1,5,Arlington
PerfTenant24,Camden3,5,"Flat B,"
PerfTenant7,Camden2,5,AVENUE
PerfTenant1,Camden1,5,School Close
PerfTenant23,Camden2,5,MARLOWE GROVE
PerfTenant25,Camden2,5,Lane Great Shelford
PerfTenant5,Camden2,5,125
PerfTenant7,Camden4,5,"Flat B,"
PerfTenant7,Camden4,5,WISBECH
PerfTenant21,Camden1,5,STRAWBERRY
PerfTenant14,Camden4,5,"Road, London, NW3"
PerfTenant16,Camden3,5,GARDENS SUTTON
PerfTenant17,Camden1,5,Way
PerfTenant17,Camden1,5,39
PerfTenant1,Camden1,5,Road Waterbeach
PerfTenant4,Camden1,5,1
PerfTenant24,Camden4,5,129A ELY ROAD
PerfTenant16,Camden4,5,40
PerfTenant9,Camden3,5,ST MARY CAMBRIDGESHIRE
PerfTenant4,Camden3,5,1
PerfTenant25,Camden3,5,STREET RECORD WARBOYS
PerfTenant4,Camden2,5,Pen Close Cambridge
PerfTenant19,Camden1,5,FARM HOUSE 33
PerfTenant12,Camden1,5,SOMERSHAM CAMBRIDGESHIRE
PerfTenant23,Camden1,5,16
PerfTenant20,Camden3,5,42 FELLOWES
PerfTenant2,Camden3,5,5
PerfTenant2,Camden2,5,Long Reach Road
PerfTenant3,Camden4,5,"Arthur Road, London,"
PerfTenant4,Camden4,5,117 THORPE ROAD
PerfTenant19,Camden2,5,THE
PerfTenant6,Camden1,5,841 LINCOLN
PerfTenant3,Camden1,5,MANASTY ROAD ORTON
PerfTenant18,Camden4,5,ROAD
PerfTenant9,Camden3,5,"12 Tavistock Place,"
PerfTenant9,Camden1,5,"Brassey Road, London,"
PerfTenant16,Camden3,5,WHITTLESEY CAMBRIDGESHIRE PE7
PerfTenant16,Camden3,5,Cambridge
PerfTenant19,Camden4,5,"Park,"
PerfTenant9,Camden2,5,43
PerfTenant3,Camden3,5,32
PerfTenant22,Camden3,5,Foxton House Adrian
PerfTenant15,Camden3,5,80
PerfTenant18,Camden3,5,2
PerfTenant8,Camden2,5,Farm
PerfTenant12,Camden2,5,PADGETTS ROAD CHRISTCHURCH
PerfTenant5,Camden3,5,"Road, London,"
PerfTenant8,Camden3,5,Flat
PerfTenant15,Camden3,5,"136 Dorney, Adelaide"
PerfTenant23,Camden3,5,Iverson
PerfTenant17,Camden3,5,CLOSE BRAMPTON
PerfTenant10,Camden3,5,"35 Brookfield, London,"
PerfTenant5,Camden1,5,"Gilden Crescent,"
PerfTenant3,Camden3,5,"Road, London,"
PerfTenant14,Camden1,5,ROAD NEW
PerfTenant11,Camden3,5,BRAMPTON ROAD HUNTINGDON
PerfTenant14,Camden1,5,Great Shelford Cambridgeshire
PerfTenant11,Camden1,5,"Mews,"
PerfTenant19,Camden2,5,GILBERT
PerfTenant13,Camden2,5,"1,"
PerfTenant7,Camden4,5,ELY CAMBRIDGESHIRE CB6
PerfTenant21,Camden1,5,"Road, London, NW3"
PerfTenant13,Camden2,5,Seymour
PerfTenant13,Camden3,5,BUNGALOW REACH
PerfTenant5,Camden2,5,YAXLEY CAMBRIDGESHIRE PE7
PerfTenant25,Camden1,5,Kirkway 32
PerfTenant5,Camden3,5,STREET
PerfTenant10,Camden1,5,Whittlesford Cambridgeshire
PerfTenant5,Camden4,5,Newmarket Road Cambridge
PerfTenant14,Camden2,5,WALK WIMBLINGTON CAMBRIDGESHIRE
PerfTenant20,Camden3,5,ROAD HUNTINGDON
PerfTenant25,Camden1,5,ST ANDREWS
PerfTenant13,Camden4,5,ST PETERS ROAD
PerfTenant11,Camden3,5,JUDES
PerfTenant7,Camden1,5,Jennings
PerfTenant21,Camden3,5,Gamlingay Cambridgeshire SG19
PerfTenant21,Camden3,5,5 Cowdell
PerfTenant8,Camden4,5,"Close, London,"
PerfTenant15,Camden3,5,30 Heath
PerfTenant9,Camden1,5,"Avenue, London, N6"
PerfTenant16,Camden2,5,Road
PerfTenant8,Camden4,5,7 Newmarket Road
PerfTenant3,Camden4,5,WOODSTON
PerfTenant22,Camden1,5,Little
PerfTenant9,Camden2,5,24 BREACH
PerfTenant22,Camden4,5,"A, 131 Sumatra"
PerfTenant14,Camden2,5,MARYS STREET
PerfTenant20,Camden4,5,Ringstone Thriplow
PerfTenant14,Camden4,5,6
PerfTenant22,Camden1,5,TIDLEY
PerfTenant3,Camden1,5,52A
PerfTenant9,Camden4,5,Howard
PerfTenant8,Camden3,5,ROAD ELTON
PerfTenant15,Camden1,5,Ground St
PerfTenant11,Camden1,5,Gladstone
PerfTenant18,Camden4,5,22
PerfTenant21,Camden2,5,HUNTINGDON
PerfTenant24,Camden4,5,DRIVE FORDHAM CAMBRIDGESHIRE
PerfTenant20,Camden2,5,Meldreth Cambridgeshire
PerfTenant5,Camden1,5,ST PAULS ROAD
PerfTenant12,Camden1,5,House Adrian
PerfTenant20,Camden3,5,NORTH BRINK WISBECH
PerfTenant7,Camden1,5,40
PerfTenant14,Camden3,5,ERMINE
PerfTenant23,Camden3,5,ELM
PerfTenant24,Camden1,5,WISTOW PETERBOROUGH PE2
PerfTenant2,Camden4,5,Pettitts Lane Dry
PerfTenant11,Camden1,5,WISTOW PETERBOROUGH PE2
PerfTenant14,Camden3,5,17
PerfTenant21,Camden4,5,HUNSBURY CLOSE
PerfTenant21,Camden2,5,CLOSE
PerfTenant22,Camden2,5,ORTON MALBORNE PETERBOROUGH
PerfTenant4,Camden1,5,14 Great Russell
PerfTenant23,Camden1,5,Prince
PerfTenant13,Camden2,5,1B
PerfTenant6,Camden1,5,LAND
PerfTenant17,Camden4,5,20 ELTISLEY
PerfTenant5,Camden3,5,"Gardens, London, NW6"
PerfTenant6,Camden1,5,LEVERINGTON COMMON LEVERINGTON
PerfTenant24,Camden2,5,GARAGE 11 SOUTH
PerfTenant2,Camden2,5,Newington Willingham Cambridgeshire
PerfTenant5,Camden4,5,54 Scholars
PerfTenant9,Camden4,5,LANE ELM
PerfTenant4,Camden3,5,THRAPSTON ROAD
PerfTenant6,Camden2,5,10 Hampstead
PerfTenant22,Camden3,5,Close Cambridge
PerfTenant15,Camden1,5,Road
PerfTenant19,Camden4,5,4 TITAN
PerfTenant24,Camden1,5,FIELD STATION ROAD
PerfTenant6,Camden3,5,BRIMBLES PETERBOROUGH PE2
PerfTenant5,Camden3,5,WERRINGTON
PerfTenant3,Camden2,5,19
PerfTenant9,Camden2,5,OLDBROOK BRETTON PETERBOROUGH
PerfTenant2,Camden1,5,14
PerfTenant7,Camden1,5,CLOSE NETHERTON PETERBOROUGH
PerfTenant22,Camden4,5,103
PerfTenant23,Camden3,5,129
PerfTenant3,Camden2,5,NENE
PerfTenant6,Camden1,5,87 CONEYGREE
PerfTenant15,Camden3,5,Longstanton Cambridgeshire
PerfTenant9,Camden1,5,"Terrace,"
PerfTenant1,Camden4,5,ROAD ELY CAMBRIDGESHIRE
PerfTenant10,Camden3,5,"Solent Road, London,"
PerfTenant17,Camden4,5,GEORGE
PerfTenant2,Camden1,5,18 Anglers Way
PerfTenant17,Camden3,5,NORWOOD ROAD
PerfTenant14,Camden4,5,Vitry Gazeley Road
PerfTenant2,Camden4,5,54 BRAMLEY
PerfTenant13,Camden3,5,"Malden Crescent,"
PerfTenant12,Camden1,5,Cambridge
PerfTenant14,Camden4,5,CLOSE ST IVES
PerfTenant9,Camden4,5,Dunrobin
PerfTenant20,Camden1,5,4 GLOUCESTER ROAD
PerfTenant23,Camden3,5,Close Cambridge Cambridgeshire
PerfTenant17,Camden3,5,RIDINGS PETERBOROUGH
PerfTenant15,Camden4,5,PARSONS
PerfTenant9,Camden4,5,QUEENSWAY SOHAM
PerfTenant25,Camden1,5,STREET RECORD
PerfTenant6,Camden1,5,RECORD
PerfTenant21,Camden3,5,110 NORFOLK STREET
PerfTenant20,Camden4,5,94 Fortess
PerfTenant3,Camden3,5,Lynfield
PerfTenant19,Camden2,5,Meeting
PerfTenant1,Camden2,5,"Whitfield Street,"
PerfTenant25,Camden3,5,ROAD ST
PerfTenant11,Camden4,5,GODMANCHESTER
PerfTenant7,Camden3,5,71
PerfTenant23,Camden3,5,Cenacle Cambridge Cambridgeshire
PerfTenant2,Camden3,5,SOCON CAMBRIDGESHIRE
PerfTenant24,Camden3,5,185 CARTER
PerfTenant24,Camden2,5,LOW ROAD
PerfTenant25,Camden1,5,12
PerfTenant1,Camden4,5,AVENUE
PerfTenant1,Camden2,5,WELLAND
PerfTenant5,Camden4,5,DITTON
PerfTenant22,Camden2,5,CLOSE
PerfTenant22,Camden4,5,And
PerfTenant10,Camden2,5,SOCON CAMBRIDGESHIRE PE19
PerfTenant8,Camden1,5,Greencroft
PerfTenant19,Camden2,5,MARY CAMBRIDGESHIRE
PerfTenant2,Camden2,5,38 CONFERENCE
PerfTenant8,Camden4,5,GREAT NORTH
PerfTenant10,Camden4,5,Haslingfield Cambridgeshire
PerfTenant7,Camden2,5,"Square, London,"
PerfTenant13,Camden4,5,MARYS CHURCH CHADLEY
PerfTenant2,Camden2,5,Crescent Hardwick
PerfTenant19,Camden1,5,126
PerfTenant12,Camden1,5,16 HILLROW
PerfTenant15,Camden1,5,41
PerfTenant15,Camden3,5,VALENCE ROAD
PerfTenant8,Camden4,5,Way Cambridge Cambridgeshire
PerfTenant5,Camden1,5,WALK LITTLE
PerfTenant14,Camden1,5,BURWELL
PerfTenant24,Camden2,5,Sumatra
PerfTenant5,Camden2,5,75 MAIN ROAD
PerfTenant13,Camden3,5,225 BERESFORD ROAD
PerfTenant18,Camden3,5,26
PerfTenant10,Camden1,5,10 PINFOLD
PerfTenant19,Camden3,5,WHITE HART
PerfTenant13,Camden4,5,Milton Road
PerfTenant19,Camden1,5,Fields Church Lane
PerfTenant8,Camden3,5,HEADLAND WHITTLESEY
PerfTenant4,Camden1,5,ST NEOTS
PerfTenant9,Camden3,5,LOWICK GARDENS WESTWOOD
PerfTenant18,Camden2,5,"Road, London,"
PerfTenant14,Camden3,5,4
PerfTenant2,Camden1,5,Fulbourn Cambridgeshire
PerfTenant13,Camden3,5,ROAD TILBROOK CAMBRIDGESHIRE
PerfTenant17,Camden2,5,"57 Parliament Hill,"
PerfTenant22,Camden4,5,Road Cambridge
PerfTenant24,Camden3,5,Crown
PerfTenant10,Camden1,5,137 Victoria Road
PerfTenant9,Camden2,5,EATON SOCON
PerfTenant1,Camden3,5,Bourn Cambridgeshire
PerfTenant12,Camden1,5,AVENUE
PerfTenant18,Camden4,5,Street
PerfTenant4,Camden2,5,Lancaster Gate
PerfTenant15,Camden3,5,115
PerfTenant14,Camden1,5,Place
PerfTenant16,Camden2,5,42 HAZEL WAY
PerfTenant3,Camden4,5,77 Abbey
PerfTenant18,Camden3,5,8 Goldington
PerfTenant10,Camden2,5,WALTON PETERBOROUGH PE4
PerfTenant15,Camden3,5,1
PerfTenant18,Camden4,5,STANGROUND PETERBOROUGH PE2
PerfTenant10,Camden3,5,THE DROVE PONDERSBRIDGE
PerfTenant9,Camden1,5,53B Coton
PerfTenant14,Camden2,5,CLOSE SOHAM CAMBRIDGESHIRE
PerfTenant13,Camden1,5,Cambridge
PerfTenant21,Camden2,5,ST
PerfTenant13,Camden3,5,"Woodhall,"
PerfTenant13,Camden4,5,5-6 Station Court
PerfTenant13,Camden4,5,"House,"
PerfTenant21,Camden4,5,THE CLOSE CAMBRIDGE
PerfTenant2,Camden3,5,ORTON GOLDHAY
PerfTenant7,Camden4,5,DRURY LANE
PerfTenant11,Camden1,5,House Manhattan
PerfTenant22,Camden1,5,EATON SOCON
PerfTenant25,Camden1,5,CLOSE MARCH CAMBRIDGESHIRE
PerfTenant6,Camden4,5,CLOSE SAWTRY CAMBRIDGESHIRE
PerfTenant13,Camden4,5,"Gardens, London,"
PerfTenant3,Camden1,5,Road
PerfTenant11,Camden2,5,ALCONBURY AIRFIELD
PerfTenant7,Camden1,5,CO 6 NENE
PerfTenant25,Camden2,5,COUNTY
PerfTenant21,Camden2,5,"2 Robin Grove,"
PerfTenant19,Camden4,5,EYNESBURY
PerfTenant16,Camden3,5,HILL ST NEOTS
PerfTenant17,Camden4,5,Fairfax
PerfTenant19,Camden3,5,SCHOOL CLOSE BRETTON
PerfTenant5,Camden1,5,Cambridge
PerfTenant12,Camden1,5,BUCKWORTH ROAD OLD
PerfTenant1,Camden1,5,Lane
PerfTenant15,Camden1,5,ROAD SUGAR WAY
PerfTenant21,Camden1,5,Great Shelford
PerfTenant23,Camden1,5,31A
PerfTenant9,Camden2,5,"Chalk Farm Road,"
PerfTenant25,Camden1,5,Dennis Road
PerfTenant13,Camden1,5,15 Alder Court
PerfTenant5,Camden4,5,Road Impington Cambridgeshire
PerfTenant10,Camden3,5,38 Compayne
PerfTenant11,Camden4,5,Warren Close
PerfTenant24,Camden2,5,GOLDHAY
PerfTenant12,Camden4,5,Avenue Cambridge
PerfTenant2,Camden4,5,41
PerfTenant10,Camden1,5,"Hadley Street,"
PerfTenant5,Camden3,5,RECORD CHESTERTON
PerfTenant15,Camden3,5,"Wendling, Haverstock"
PerfTenant18,Camden4,5,11 MARTIN
PerfTenant23,Camden3,5,ADJACENT
PerfTenant17,Camden1,5,Farm
PerfTenant14,Camden1,5,WEST
PerfTenant9,Camden4,5,Road
PerfTenant7,Camden2,5,GARAGE 6 ADJACENT
PerfTenant6,Camden4,5,86
PerfTenant16,Camden1,5,"Street, London, NW1"
PerfTenant21,Camden1,5,LEVERINGTON CAMBRIDGESHIRE PE13
PerfTenant13,Camden4,5,Willersmill Wildlife Park
PerfTenant11,Camden2,5,ANDREWS PLACE WHITTLESEY
PerfTenant13,Camden3,5,Record Cockhall Lane
PerfTenant16,Camden1,5,Longstanton Cambridgeshire
PerfTenant6,Camden1,5,Avenue
PerfTenant23,Camden4,5,17 ST
PerfTenant11,Camden3,5,"Roderick Road, London,"
PerfTenant15,Camden3,5,30-40
PerfTenant4,Camden4,5,11
PerfTenant18,Camden3,5,236
PerfTenant8,Camden2,5,Holly
PerfTenant3,Camden3,5,Road
PerfTenant10,Camden1,5,2 LITTLEFIELD CLOSE
PerfTenant19,Camden4,5,STREET
PerfTenant25,Camden2,5,12 Parlour
PerfTenant13,Camden3,5,Great Queen
PerfTenant16,Camden2,5,14
PerfTenant5,Camden1,5,HOUSE
PerfTenant24,Camden2,5,7 BAINTON ROAD
PerfTenant2,Camden3,5,40 The Green
PerfTenant6,Camden2,5,Maygrove
PerfTenant12,Camden3,5,WISBECH CAMBRIDGESHIRE
PerfTenant23,Camden1,5,142
PerfTenant5,Camden4,5,Cambourne Cambridgeshire
PerfTenant25,Camden3,5,Road
PerfTenant14,Camden2,5,ORTON
PerfTenant16,Camden2,5,Park Drive
PerfTenant14,Camden1,5,133 Long
PerfTenant1,Camden2,5,Road Linton
PerfTenant5,Camden1,5,ROAD
PerfTenant14,Camden1,5,"Menelik Road,"
PerfTenant4,Camden3,5,"Colonnade, Southampton"
PerfTenant2,Camden2,5,"Flat 16, The"
PerfTenant7,Camden1,5,18
PerfTenant3,Camden2,5,"Langford Apartments, 2"
PerfTenant9,Camden3,5,Flat 6
PerfTenant8,Camden1,5,Close Longstanton Cambridgeshire
PerfTenant2,Camden1,5,ISLEHAM
PerfTenant5,Camden4,5,ROAD HUNTINGDON
PerfTenant12,Camden1,5,16 HORSESHOES WAY
PerfTenant17,Camden1,5,HUNTINGDON CAMBRIDGESHIRE
PerfTenant4,Camden2,5,ELY CAMBRIDGESHIRE CB7
PerfTenant21,Camden2,5,EDWARDS
PerfTenant18,Camden4,5,Flat
PerfTenant21,Camden2,5,63
PerfTenant22,Camden4,5,8
PerfTenant16,Camden3,5,LITTLEPORT
PerfTenant17,Camden3,5,"2nd Floor,"
PerfTenant19,Camden2,5,"House, Augustus Street,"
PerfTenant23,Camden2,5,SOMERSHAM CAMBRIDGESHIRE PE28
PerfTenant17,Camden2,5,Wellbrook Way Girton
PerfTenant13,Camden2,5,ANCHORAGE 47 PRICKWILLOW
PerfTenant6,Camden1,5,FARM BACK ROAD
PerfTenant3,Camden1,5,Farm
PerfTenant24,Camden3,5,LANE
PerfTenant8,Camden4,5,Road Cambridge
PerfTenant12,Camden1,5,Road
PerfTenant10,Camden2,5,4 Radcliffe
PerfTenant24,Camden1,5,"Court,"
PerfTenant5,Camden2,5,Way Cambourne
PerfTenant14,Camden4,5,Road Cambridge
PerfTenant22,Camden3,5,RECORD
PerfTenant8,Camden3,5,LEVERINGTON
PerfTenant14,Camden4,5,CHURCHILL
PerfTenant12,Camden3,5,"A, 52"
PerfTenant21,Camden3,5,"4 Camden Square,"
PerfTenant18,Camden3,5,House Bannold Road
PerfTenant13,Camden4,5,STANGROUND
PerfTenant18,Camden2,5,Street Over Cambridgeshire
PerfTenant17,Camden3,5,IVES CAMBRIDGESHIRE
PerfTenant3,Camden4,5,"Christophers House,"
PerfTenant11,Camden1,5,LONGTHORPE PETERBOROUGH
PerfTenant4,Camden1,5,LAND WEST OF
PerfTenant16,Camden3,5,ST NEOTS CAMBRIDGESHIRE
PerfTenant25,Camden1,5,Way
PerfTenant21,Camden1,5,"Red Lion Square,"
PerfTenant21,Camden1,5,"Swain's Lane, London,"
PerfTenant17,Camden2,5,30 The Limes
PerfTenant17,Camden4,5,VIEW CROSS
PerfTenant19,Camden2,5,WANSFORD PETERBOROUGH
PerfTenant18,Camden4,5,Court Wulfstan
PerfTenant10,Camden4,5,High Street Teversham
PerfTenant4,Camden2,5,SUTTON CAMBRIDGESHIRE CB6
PerfTenant23,Camden3,5,BANCROFT LANE
PerfTenant2,Camden4,5,22 Bateman Street
PerfTenant13,Camden1,5,EASTGATE
PerfTenant2,Camden2,5,155 Jeavons
PerfTenant2,Camden1,5,Station Road
PerfTenant15,Camden3,5,Croft Linton Cambridgeshire
PerfTenant2,Camden3,5,ELECTRICITY
PerfTenant6,Camden4,5,"Ampton Street, London,"
PerfTenant14,Camden4,5,HARTFORD CAMBRIDGESHIRE
PerfTenant22,Camden4,5,"South Hill Park,"
PerfTenant15,Camden2,5,"Edington, Allcroft"
PerfTenant2,Camden3,5,Close
PerfTenant19,Camden3,5,LIME
PerfTenant21,Camden4,5,Sawston Cambridgeshire
PerfTenant23,Camden1,5,17
PerfTenant9,Camden3,5,GROVE PETERBOROUGH PE1
PerfTenant5,Camden1,5,CRESCENT HAMPTON VALE
PerfTenant9,Camden1,5,BELL HOLT
PerfTenant21,Camden1,5,ROAD
PerfTenant10,Camden4,5,Record
PerfTenant14,Camden3,5,"153 Stanhope Street,"
PerfTenant23,Camden1,5,"Road, London,"
PerfTenant4,Camden3,5,Girton
PerfTenant24,Camden4,5,26-34 Mecklenburgh
PerfTenant22,Camden2,5,JOHNS VOLUNTARY CONTROLLED
PerfTenant23,Camden1,5,DRIVE CRESCENT SOHAM
PerfTenant4,Camden3,5,54 PYHILL
PerfTenant17,Camden1,5,Compayne
PerfTenant21,Camden1,5,Mores Meadow
PerfTenant23,Camden4,5,RECORD CROMWELL
PerfTenant14,Camden4,5,39
PerfTenant16,Camden3,5,FARM
PerfTenant14,Camden2,5,LEVERINGTON CAMBRIDGESHIRE PE13
PerfTenant24,Camden1,5,FENGATE PETERBOROUGH PE1
PerfTenant20,Camden4,5,"Road, London,"
PerfTenant12,Camden2,5,"Avenue,"
PerfTenant10,Camden1,5,CLOSE GLINTON
PerfTenant20,Camden4,5,1 Regent
PerfTenant2,Camden3,5,LANE VILLAS 8
PerfTenant2,Camden2,5,CLOSE
PerfTenant8,Camden3,5,Balsham Cambridgeshire CB21
PerfTenant25,Camden3,5,NASEBY
PerfTenant9,Camden1,5,SHIRDLEY
PerfTenant1,Camden4,5,EATON FORD
PerfTenant9,Camden1,5,94 Roseford
PerfTenant22,Camden4,5,ABBOTS CAMBRIDGESHIRE PE28
PerfTenant2,Camden3,5,45
PerfTenant15,Camden1,5,ENGLAND PETERBOROUGH PE1
PerfTenant15,Camden3,5,56
PerfTenant12,Camden4,5,16 Merle Way
PerfTenant23,Camden3,5,28 Chalfont Close
PerfTenant18,Camden4,5,UNIT
PerfTenant5,Camden2,5,HIGH STREET
PerfTenant22,Camden4,5,Road Newnham Cambridge
PerfTenant9,Camden2,5,WOODSTON
PerfTenant10,Camden2,5,CAUSEWAY THORNEY
PerfTenant3,Camden4,5,200 Cherry
PerfTenant3,Camden3,5,10 Burwash
PerfTenant13,Camden2,5,Robert
PerfTenant25,Camden3,5,WATERVILLE PETERBOROUGH
PerfTenant11,Camden3,5,Road Waterbeach
PerfTenant16,Camden1,5,NEW ROAD MEPAL
PerfTenant5,Camden1,5,"House,"
PerfTenant11,Camden4,5,Lane Cambourne
PerfTenant11,Camden1,5,Steeple
PerfTenant4,Camden2,5,17 MANOR
PerfTenant10,Camden1,5,"Mansions, West"
PerfTenant12,Camden3,5,3 Montfort
PerfTenant21,Camden3,5,63 Messina
PerfTenant6,Camden3,5,HILTON CAMBRIDGESHIRE
PerfTenant22,Camden3,5,Cambridge Cambridgeshire
PerfTenant7,Camden2,5,47 Fairfax
PerfTenant21,Camden1,5,Flat 1st
PerfTenant2,Camden1,5,Bassingbourn Cum Kneesworth
PerfTenant15,Camden2,5,STREET ISLEHAM CAMBRIDGESHIRE
PerfTenant11,Camden3,5,END
PerfTenant24,Camden4,5,3 LEY
PerfTenant23,Camden2,5,11
PerfTenant4,Camden1,5,1 CHURCH CLOSE
PerfTenant25,Camden3,5,16A
PerfTenant24,Camden1,5,Cambridge Cambridgeshire
PerfTenant3,Camden4,5,DRAYTON BRETTON PETERBOROUGH
PerfTenant19,Camden4,5,43 THE
PerfTenant20,Camden4,5,"Coram Street, London,"
PerfTenant17,Camden4,5,CRESCENT BRAMPTON
PerfTenant5,Camden1,5,LITTLE LONDON ISLEHAM
PerfTenant10,Camden3,5,HOUSE 66
PerfTenant19,Camden4,5,CENTRE ROAD
PerfTenant8,Camden3,5,ELY CAMBRIDGESHIRE
PerfTenant23,Camden1,5,STRETHAM CAMBRIDGESHIRE CB6
PerfTenant25,Camden1,5,MARGARETS ROAD
PerfTenant5,Camden3,5,WISBECH
PerfTenant6,Camden1,5,"The White House,"
PerfTenant3,Camden3,5,Cambridge Cambridgeshire CB3
PerfTenant23,Camden4,5,PASTON
PerfTenant20,Camden2,5,DOGSTHORPE PETERBOROUGH
PerfTenant23,Camden2,5,20 Westberry Court
PerfTenant20,Camden1,5,Caldecote Caldecote
PerfTenant5,Camden2,5,MARCH
PerfTenant16,Camden1,5,19 Birchington
PerfTenant23,Camden1,5,OLD MARKET COURT
PerfTenant19,Camden4,5,30
PerfTenant19,Camden3,5,GREY CAMBRIDGESHIRE PE28
PerfTenant2,Camden2,5,Harston
PerfTenant9,Camden1,5,"3, 32 Aberdare"
PerfTenant7,Camden3,5,Ainsworth Street Cambridge
PerfTenant1,Camden2,5,Way Comberton Cambridgeshire
PerfTenant12,Camden2,5,WAY GUNTHORPE PETERBOROUGH
PerfTenant23,Camden4,5,"Court, Crowndale"
PerfTenant8,Camden2,5,"Flat B,"
PerfTenant10,Camden4,5,"Maitland Park Road,"
PerfTenant4,Camden4,5,HENRY
PerfTenant3,Camden1,5,SQUARE EYNESBURY
PerfTenant24,Camden1,5,20 MARRIOTTS
PerfTenant8,Camden2,5,Flat
PerfTenant21,Camden2,5,"Road, London, NW6"
PerfTenant4,Camden2,5,"Way,"
PerfTenant7,Camden1,5,"Flat A,"
PerfTenant5,Camden4,5,"Road, London,"
PerfTenant9,Camden4,5,LANE
PerfTenant11,Camden3,5,DRIVE
PerfTenant16,Camden3,5,HUNTINGDON CAMBRIDGESHIRE PE29
PerfTenant17,Camden4,5,FIRE &amp; RESCUE
PerfTenant22,Camden3,5,25 CHESTNUT
PerfTenant25,Camden1,5,Royal
PerfTenant24,Camden3,5,HOSPITAL
PerfTenant9,Camden3,5,Coton House
PerfTenant4,Camden2,5,RECORD FROGS
PerfTenant20,Camden4,5,"Road, London,"
PerfTenant8,Camden3,5,Milton
PerfTenant13,Camden1,5,KINGS
PerfTenant21,Camden4,5,WHITTLESEY
PerfTenant21,Camden1,5,Lane Cambourne Cambridgeshire
PerfTenant17,Camden4,5,WAY
PerfTenant25,Camden3,5,CATHEDRAL GREEN
PerfTenant10,Camden4,5,Bullen Close
PerfTenant19,Camden1,5,ROAD WISBECH
PerfTenant21,Camden1,5,Cambridge Cambridgeshire
PerfTenant13,Camden3,5,Adrian Way
PerfTenant24,Camden1,5,"House,"
PerfTenant3,Camden3,5,High
PerfTenant2,Camden1,5,WEST AVENUE RAMSEY
PerfTenant13,Camden3,5,Cambridge
PerfTenant11,Camden1,5,WAY EASTREA WHITTLESEY
PerfTenant19,Camden2,5,31 SPEED
PerfTenant16,Camden3,5,LANE
PerfTenant12,Camden3,5,Hill Cambridgeshire
PerfTenant10,Camden4,5,43 ALLEXTON
PerfTenant16,Camden1,5,Mill Lane
PerfTenant18,Camden1,5,MARCH CAMBRIDGESHIRE
PerfTenant24,Camden2,5,Swaynes Lane Comberton
PerfTenant14,Camden2,5,ELM ROAD
PerfTenant11,Camden2,5,28 HAWTHORN ROAD
PerfTenant16,Camden2,5,55 CANNON STREET
PerfTenant8,Camden4,5,23
PerfTenant7,Camden1,5,Bar Hill Cambridgeshire
PerfTenant7,Camden1,5,"Regency Lodge, Adelaide"
PerfTenant11,Camden3,5,Torriano
PerfTenant25,Camden1,5,Drayton
PerfTenant6,Camden1,5,3
PerfTenant5,Camden1,5,73
PerfTenant2,Camden4,5,LITTLEPORT CAMBRIDGESHIRE CB6
PerfTenant9,Camden4,5,Gardens
PerfTenant1,Camden3,5,Close Cambridge
PerfTenant8,Camden4,5,2 MARQUIS
PerfTenant22,Camden2,5,10 Bermuda
PerfTenant24,Camden1,5,FAIRWAY CHATTERIS
PerfTenant16,Camden4,5,9 Boxworth
PerfTenant18,Camden3,5,7
PerfTenant2,Camden3,5,CAMPING CLOSE HADDENHAM
PerfTenant16,Camden3,5,Gardens Cottenham Cambridgeshire
PerfTenant20,Camden4,5,ROAD
PerfTenant13,Camden4,5,"Terrace, London, NW5"
PerfTenant22,Camden4,5,Street
PerfTenant19,Camden2,5,"Patshull Road, London,"
PerfTenant5,Camden1,5,11 THE
PerfTenant3,Camden4,5,MORTIMER ROW SOMERSHAM
PerfTenant1,Camden2,5,SYCAMORE AVENUE DOGSTHORPE
PerfTenant17,Camden2,5,APPLEYARD
PerfTenant3,Camden1,5,AMBURY ROAD HUNTINGDON
PerfTenant11,Camden3,5,Fulbourn Cambridgeshire CB21
PerfTenant23,Camden2,5,LANE CHATTERIS
PerfTenant12,Camden2,5,102 Cherry Hinton
PerfTenant10,Camden4,5,GUNTHORPE PETERBOROUGH PE4
PerfTenant11,Camden4,5,23 Cambridge Science
PerfTenant7,Camden2,5,STREET
PerfTenant21,Camden3,5,Milton Cambridgeshire
PerfTenant22,Camden1,5,"Place,"
PerfTenant24,Camden3,5,"Flat F, 183-185"
PerfTenant24,Camden1,5,NENE ROAD HUNTINGDON
PerfTenant23,Camden2,5,10 Moss
PerfTenant13,Camden4,5,REAR
PerfTenant1,Camden3,5,Shelford Cambridgeshire CB22
PerfTenant10,Camden3,5,GOLDHAY PETERBOROUGH PE2
PerfTenant8,Camden4,5,Cambridge Cambridgeshire
PerfTenant7,Camden1,5,WISBECH CAMBRIDGESHIRE PE13
PerfTenant21,Camden4,5,Close Cambridge Cambridgeshire
PerfTenant22,Camden4,5,"74 Constantine Road,"
PerfTenant19,Camden3,5,48
PerfTenant4,Camden4,5,GARDENS
PerfTenant14,Camden4,5,Tower Close
PerfTenant1,Camden4,5,Drive
PerfTenant15,Camden4,5,"Avenue, London, N6"
PerfTenant16,Camden4,5,RAMSEY
PerfTenant15,Camden2,5,NORWOOD
PerfTenant18,Camden1,5,VIRGINIA WAY
PerfTenant7,Camden4,5,BENTLEY AVENUE
PerfTenant11,Camden4,5,Flat
PerfTenant9,Camden4,5,"54 Fellows Road,"
PerfTenant1,Camden4,5,Morden Cambridgeshire SG8
PerfTenant18,Camden4,5,Former 49 Suez
PerfTenant10,Camden4,5,"Road, London, NW3"
PerfTenant25,Camden2,5,Lane Histon Cambridgeshire
PerfTenant17,Camden4,5,240 Queen Ediths
PerfTenant11,Camden4,5,42 NORFOLK ROAD
PerfTenant18,Camden3,5,HUNTINGDON CAMBRIDGESHIRE PE29
PerfTenant14,Camden1,5,CHATTERIS CAMBRIDGESHIRE
PerfTenant14,Camden3,5,MARCH CAMBRIDGESHIRE
PerfTenant13,Camden3,5,25
PerfTenant2,Camden1,5,Lichfield
PerfTenant19,Camden1,5,AND
PerfTenant15,Camden1,5,39 ANCHOR
PerfTenant9,Camden4,5,SCHOOL
PerfTenant21,Camden4,5,PLACE
PerfTenant7,Camden1,5,16 HEATHCOTE
PerfTenant6,Camden1,5,OF ANNABELLE
PerfTenant2,Camden3,5,108 PAYNELS ORTON
PerfTenant9,Camden2,5,SOCON
PerfTenant23,Camden3,5,BRETTON PETERBOROUGH PE3
PerfTenant24,Camden4,5,186 BRINGHURST
PerfTenant10,Camden1,5,29 HENBROOK ST
PerfTenant7,Camden4,5,Road Cambridge Cambridgeshire
PerfTenant21,Camden1,5,40
PerfTenant1,Camden1,5,BRAMPTON CAMBRIDGESHIRE
PerfTenant24,Camden4,5,71
PerfTenant11,Camden3,5,ACRES SOUTH JUNCTION
PerfTenant20,Camden1,5,ROAD
PerfTenant16,Camden2,5,AVENUE
PerfTenant13,Camden4,5,"Ground Floor, 73"
PerfTenant12,Camden4,5,Cambridge Cambridgeshire
PerfTenant2,Camden1,5,2 Market
PerfTenant11,Camden3,5,"Road,"
PerfTenant12,Camden2,5,"Camden Lock Place,"
PerfTenant12,Camden1,5,"Ground Floor, 7"
PerfTenant20,Camden3,5,HILL CAMBRIDGESHIRE
PerfTenant14,Camden1,5,NIAB Huntingdon Road
PerfTenant14,Camden1,5,"Murray Mews, London,"
PerfTenant9,Camden3,5,Street Cottenham Cambridgeshire
PerfTenant22,Camden1,5,AVENUE STANGROUND
PerfTenant19,Camden1,5,Close Orwell
PerfTenant5,Camden1,5,91 TAVERNERS ROAD
PerfTenant21,Camden1,5,St Lukes Mews
PerfTenant8,Camden4,5,"Castle Road, London,"
PerfTenant15,Camden2,5,BENWICK
PerfTenant1,Camden2,5,SAWTRY CAMBRIDGESHIRE
PerfTenant10,Camden2,5,LANE SOMERSHAM
PerfTenant3,Camden4,5,RECORD REDMOOR CLOSE
PerfTenant10,Camden3,5,Road Cambridge Cambridgeshire
PerfTenant19,Camden3,5,Way Cambridge Cambridgeshire
PerfTenant8,Camden1,5,ST JOHNS AVENUE
PerfTenant5,Camden4,5,St Vincents
PerfTenant5,Camden4,5,2 ORCHID CLOSE
PerfTenant15,Camden3,5,STREET RECORD POPHAM
PerfTenant5,Camden4,5,PETROL STATION FROM
PerfTenant8,Camden4,5,FENLAND
PerfTenant23,Camden1,5,Close
PerfTenant4,Camden3,5,MERESIDE SOHAM CAMBRIDGESHIRE
PerfTenant3,Camden2,5,ST NEOTS CAMBRIDGESHIRE
PerfTenant16,Camden3,5,31 THE
PerfTenant2,Camden1,5,"32-34 Leighton Road,"
PerfTenant18,Camden3,5,MAIN ROAD
PerfTenant7,Camden3,5,Field Cottages Haverhill
PerfTenant17,Camden3,5,50 COLUMBINE ROAD
PerfTenant8,Camden1,5,GATE WULFRIC SQUARE
PerfTenant9,Camden1,5,Cambridge
PerfTenant2,Camden2,5,170 Maygrove
PerfTenant13,Camden4,5,20 JEFFERY AVENUE
PerfTenant24,Camden2,5,Carlton Way Cambridge
PerfTenant20,Camden3,5,Bramble
PerfTenant1,Camden1,5,ST
PerfTenant25,Camden2,5,HOUSE BIGGIN LANE
PerfTenant15,Camden3,5,JUBILEE
PerfTenant14,Camden2,5,ELTON CAMBRIDGESHIRE PE8
PerfTenant5,Camden1,5,GARDENS
PerfTenant16,Camden3,5,"1st Floor, 3"
PerfTenant10,Camden1,5,ARTIS COURT BRETTON
PerfTenant22,Camden1,5,WERRINGTON PETERBOROUGH PE4
PerfTenant10,Camden3,5,LANE LITTLEPORT
PerfTenant17,Camden4,5,GODMANCHESTER CAMBRIDGESHIRE PE29
PerfTenant15,Camden2,5,HILL FENSTANTON
PerfTenant17,Camden3,5,ARUNDEL ROAD WALTON
PerfTenant9,Camden4,5,GRAVELEY WAY
PerfTenant6,Camden4,5,MILL ROAD
PerfTenant8,Camden4,5,29
PerfTenant7,Camden1,5,ROAD
PerfTenant16,Camden3,5,"Street, London,"
PerfTenant9,Camden3,5,DROVE
PerfTenant19,Camden2,5,ALWALTON
PerfTenant15,Camden1,5,WINTRINGHAM
PerfTenant19,Camden1,5,Avenue
PerfTenant14,Camden4,5,Cambridge Cambridgeshire CB4
PerfTenant7,Camden3,5,"Floor Front,"
PerfTenant7,Camden4,5,SOCON CAMBRIDGESHIRE
PerfTenant21,Camden3,5,ENGLAND PETERBOROUGH PE1
PerfTenant10,Camden4,5,BETWEEN 57
PerfTenant23,Camden3,5,Teversham Way
PerfTenant2,Camden2,5,ROAD WISBECH
PerfTenant5,Camden2,5,WAY PETERBOROUGH
PerfTenant21,Camden4,5,"Boydell Court, London,"
PerfTenant23,Camden3,5,CLOSE
PerfTenant10,Camden4,5,WOODDITTON CAMBRIDGESHIRE
PerfTenant19,Camden2,5,Cambridge
PerfTenant3,Camden2,5,Close
PerfTenant6,Camden4,5,11 Primary Court
PerfTenant24,Camden2,5,83-89 Belsize
PerfTenant17,Camden2,5,NEW ENGLAND
PerfTenant1,Camden4,5,ROAD HUNTINGDON CAMBRIDGESHIRE
PerfTenant5,Camden1,5,Cambridge
PerfTenant8,Camden1,5,Flat
PerfTenant2,Camden3,5,FORGE
PerfTenant5,Camden4,5,34 England's
PerfTenant3,Camden2,5,EAST FENGATE PETERBOROUGH
PerfTenant24,Camden4,5,COURT ST
PerfTenant23,Camden2,5,SEFTON
PerfTenant23,Camden3,5,DOWN 3
PerfTenant22,Camden2,5,26 Poplar Close
PerfTenant5,Camden2,5,THE
PerfTenant21,Camden4,5,"Street,"
PerfTenant11,Camden4,5,DRIVE FLETTON
PerfTenant5,Camden4,5,IVES CAMBRIDGESHIRE
PerfTenant10,Camden1,5,UPWOOD ROAD
PerfTenant16,Camden3,5,8 Archway Court
PerfTenant11,Camden2,5,LODGE
PerfTenant16,Camden3,5,"16 Ariel Road,"
PerfTenant2,Camden3,5,"20, Alan House,"
PerfTenant9,Camden3,5,Purbeck House
PerfTenant21,Camden3,5,Little
PerfTenant16,Camden3,5,109
PerfTenant12,Camden2,5,23
PerfTenant24,Camden4,5,26 FRASERBURGH WAY
PerfTenant7,Camden1,5,COURT STANGROUND
PerfTenant6,Camden3,5,ORTON WATERVILLE PETERBOROUGH
PerfTenant23,Camden1,5,21
PerfTenant11,Camden4,5,25
PerfTenant6,Camden1,5,CRESCENT ROAD WHITTLESEY
PerfTenant24,Camden4,5,"Street,"
PerfTenant3,Camden4,5,PARADE LANE ELY
PerfTenant11,Camden4,5,ST STEPHENS
PerfTenant25,Camden1,5,Road Duxford Cambridgeshire
PerfTenant22,Camden2,5,STATION STREET
PerfTenant8,Camden3,5,COTTAGE SEES LANE
PerfTenant17,Camden2,5,16 Lawford
PerfTenant4,Camden3,5,BRETTON PETERBOROUGH
PerfTenant6,Camden1,5,20 Courthope
PerfTenant8,Camden1,5,"Road, London, NW2"
PerfTenant3,Camden4,5,ST
PerfTenant5,Camden1,5,Meadow Harston
PerfTenant18,Camden3,5,WHINFELL CLOSE
PerfTenant5,Camden1,5,14
PerfTenant24,Camden3,5,170 ELM ROAD
PerfTenant16,Camden2,5,ROAD WHITTLESEY CAMBRIDGESHIRE
PerfTenant4,Camden3,5,SOUTH OF ROUNDABOUT
PerfTenant12,Camden1,5,COTTAGE MAIN ROAD
PerfTenant11,Camden4,5,College
PerfTenant19,Camden4,5,SUB STATION
PerfTenant18,Camden4,5,MARCH CAMBRIDGESHIRE
PerfTenant25,Camden4,5,"Sidmouth Street, London,"
PerfTenant16,Camden4,5,PAULS ROAD NEW
PerfTenant6,Camden1,5,The
PerfTenant4,Camden3,5,FARM COTTAGE SHEEP
PerfTenant16,Camden3,5,CLOSE ST
PerfTenant6,Camden1,5,STANGROUND
PerfTenant23,Camden1,5,15 Acol
PerfTenant7,Camden3,5,FANE ROAD
PerfTenant2,Camden4,5,COWSLIP DRIVE LITTLE
PerfTenant17,Camden3,5,MANOR
PerfTenant20,Camden2,5,Street Bassingbourn
PerfTenant19,Camden1,5,6 LYNX
PerfTenant11,Camden2,5,38 MILLFIELDS RAMSEY
PerfTenant1,Camden2,5,"Street, London,"
PerfTenant3,Camden4,5,1 Station
PerfTenant21,Camden4,5,6 ASPLINS AVENUE
PerfTenant7,Camden1,5,72
PerfTenant4,Camden3,5,Back
PerfTenant3,Camden4,5,85
PerfTenant22,Camden4,5,26A High Street
PerfTenant13,Camden2,5,TELEPHONE EXCHANGE DARTFORD
PerfTenant25,Camden4,5,Flat
PerfTenant22,Camden2,5,STANGROUND
PerfTenant11,Camden3,5,Cambridge Cambridgeshire
PerfTenant17,Camden4,5,COLLEGE HOUSE
PerfTenant2,Camden3,5,"Road,"
PerfTenant23,Camden2,5,"and 3rd Floor,"
PerfTenant1,Camden4,5,Bridge Street Cambridge
PerfTenant8,Camden1,5,79 Broadway Grantchester
PerfTenant19,Camden1,5,"Square, London, NW1"
PerfTenant22,Camden1,5,53
PerfTenant10,Camden4,5,"Ferdinand Place, London,"
PerfTenant18,Camden2,5,ROAD WHITTLESEY CAMBRIDGESHIRE
PerfTenant12,Camden4,5,"Kingscroft Road, London,"
PerfTenant21,Camden1,5,2nd
PerfTenant16,Camden2,5,Over Cambridgeshire CB24
PerfTenant24,Camden2,5,JOHN BIRD
PerfTenant13,Camden4,5,Street Cottenham Cambridgeshire
PerfTenant18,Camden4,5,ROAD EASTFIELD PETERBOROUGH
PerfTenant1,Camden1,5,Meadow Oakington
PerfTenant2,Camden4,5,Philips Road
PerfTenant9,Camden1,5,Histon
PerfTenant4,Camden1,5,NORWOOD ROAD
PerfTenant16,Camden3,5,45 MILLCROFT
PerfTenant5,Camden4,5,EASTFIELD PETERBOROUGH PE1
PerfTenant18,Camden4,5,MILLER
PerfTenant15,Camden4,5,164
PerfTenant1,Camden1,5,ROAD EASTFIELD
PerfTenant8,Camden1,5,"Flat A, 65"
PerfTenant10,Camden1,5,PARTRIDGE GROVE
PerfTenant21,Camden3,5,"Gardens,"
PerfTenant5,Camden3,5,WHEATFIELD
PerfTenant25,Camden1,5,"Cecil Rhodes House,"
PerfTenant23,Camden3,5,15 GREEN PARK
PerfTenant23,Camden1,5,"Road, London, NW5"
PerfTenant20,Camden4,5,"Flat C, 58"
PerfTenant25,Camden2,5,42
PerfTenant3,Camden2,5,"Vale, London, W9"
PerfTenant14,Camden1,5,48 BRIGHT STREET
PerfTenant21,Camden1,5,Cambridge
PerfTenant13,Camden2,5,DOWNHAM
PerfTenant18,Camden4,5,RANGEFIELD ORTON BRIMBLES
PerfTenant3,Camden4,5,EATON SOCON CAMBRIDGESHIRE
PerfTenant18,Camden1,5,Rampton
PerfTenant9,Camden4,5,SOMERSHAM
PerfTenant13,Camden2,5,ALCONBURY CAMBRIDGESHIRE
PerfTenant22,Camden2,5,19 CANDIDUS
PerfTenant9,Camden1,5,"25, Ormonde"
PerfTenant3,Camden2,5,7
PerfTenant11,Camden1,5,18 THE
PerfTenant5,Camden4,5,FORD CAMBRIDGESHIRE
PerfTenant23,Camden2,5,MAIN
PerfTenant17,Camden2,5,54 City
PerfTenant4,Camden2,5,ORTON MALBORNE
PerfTenant23,Camden1,5,"Brecknock Road,"
PerfTenant13,Camden2,5,25
PerfTenant4,Camden1,5,27 TO
PerfTenant9,Camden1,5,Haverstock
PerfTenant24,Camden1,5,Cody
PerfTenant16,Camden3,5,NORTHBOROUGH PETERBOROUGH PE6
PerfTenant14,Camden2,5,WHITTLESEY CAMBRIDGESHIRE
PerfTenant7,Camden3,5,ROMAN WAY GODMANCHESTER
PerfTenant6,Camden2,5,"Bedefield, Cromer Street,"
PerfTenant14,Camden3,5,4A
PerfTenant19,Camden2,5,61 BROOKFURLONG
PerfTenant5,Camden1,5,"Adelaide Road, London,"
PerfTenant23,Camden4,5,WAY HARTFORD CAMBRIDGESHIRE
PerfTenant12,Camden1,5,SOCON
PerfTenant16,Camden3,5,ALL SAINTS CLOSE
PerfTenant12,Camden2,5,57 Byron
PerfTenant2,Camden2,5,Cambridge
PerfTenant14,Camden1,5,ROAD
PerfTenant10,Camden4,5,CHEVELEY CAMBRIDGESHIRE CB8
PerfTenant11,Camden2,5,NURSERY GARDENS
PerfTenant13,Camden2,5,Histon Cambridgeshire
PerfTenant15,Camden2,5,REAR OF
PerfTenant3,Camden4,5,Road Cambridge Cambridgeshire
PerfTenant13,Camden3,5,12
PerfTenant15,Camden4,5,Grove Cambridge
PerfTenant8,Camden2,5,Court
PerfTenant7,Camden1,5,LONGTHORPE PETERBOROUGH PE3
PerfTenant4,Camden2,5,Abington
PerfTenant7,Camden2,5,ROAD
PerfTenant11,Camden2,5,"Dynham Road, London,"
PerfTenant11,Camden2,5,STATION ROAD CATWORTH
PerfTenant2,Camden3,5,166
PerfTenant2,Camden2,5,ELEVATIONS BUSINESS PARK
PerfTenant1,Camden1,5,WISBECH
PerfTenant16,Camden4,5,Lane Waterbeach Cambridgeshire
PerfTenant13,Camden4,5,THE
PerfTenant6,Camden1,5,KINGS
PerfTenant13,Camden3,5,Road Cambridge Cambridgeshire
PerfTenant18,Camden4,5,BANK DRIVE
PerfTenant11,Camden4,5,"Bernard Street, London,"
PerfTenant12,Camden1,5,PLACE
PerfTenant5,Camden2,5,Papworth
PerfTenant11,Camden3,5,FARM
PerfTenant15,Camden4,5,KYM ROAD EATON
PerfTenant18,Camden2,5,School School
PerfTenant8,Camden1,5,Cambridge Road
PerfTenant2,Camden3,5,INGLEBERRY
PerfTenant24,Camden4,5,35B Belgrave
PerfTenant11,Camden1,5,DYSON
PerfTenant8,Camden4,5,Sawston Cambridgeshire CB22
PerfTenant16,Camden4,5,Avenue
PerfTenant5,Camden2,5,NORWOOD ROAD
PerfTenant24,Camden4,5,Kinnaird
PerfTenant13,Camden4,5,BRETTON PETERBOROUGH
PerfTenant22,Camden4,5,136
PerfTenant4,Camden2,5,Flat
PerfTenant13,Camden4,5,48A THE
PerfTenant8,Camden4,5,STREET EYNESBURY
PerfTenant1,Camden3,5,Antrim
PerfTenant18,Camden1,5,Cleve
PerfTenant6,Camden2,5,6
PerfTenant8,Camden3,5,Close Cambridge Cambridgeshire
PerfTenant12,Camden2,5,SCHOLARS
PerfTenant24,Camden2,5,WHITTLESEY CAMBRIDGESHIRE PE7
PerfTenant6,Camden4,5,21 POST
PerfTenant11,Camden2,5,HILTON CAMBRIDGESHIRE
PerfTenant19,Camden3,5,PRIMARY
PerfTenant6,Camden2,5,RECORD LONDON
PerfTenant19,Camden4,5,ST LEONARDS CHURCH
PerfTenant24,Camden2,5,Cross
PerfTenant24,Camden1,5,"Place, London,"
PerfTenant4,Camden2,5,33A Station
PerfTenant17,Camden1,5,CAMBRIDGE
PerfTenant14,Camden4,5,"Nunn House,"
PerfTenant17,Camden3,5,Road Cambridge Cambridgeshire
PerfTenant12,Camden4,5,CASTOR
PerfTenant19,Camden3,5,25
PerfTenant17,Camden1,5,WESTWOOD
PerfTenant20,Camden3,5,FARM
PerfTenant1,Camden2,5,Office 5
PerfTenant1,Camden3,5,20 LAKESIDE
PerfTenant3,Camden3,5,76 Chieftain Way
PerfTenant5,Camden2,5,BENLAND BRETTON PETERBOROUGH
PerfTenant18,Camden3,5,Cambridge Cambridgeshire CB1
PerfTenant18,Camden1,5,26 ERICA
PerfTenant8,Camden1,5,"Dorney, Adelaide"
PerfTenant25,Camden3,5,"Frognal, London,"
PerfTenant16,Camden3,5,"12, Lawfords Wharf,"
PerfTenant14,Camden4,5,Street Record
PerfTenant11,Camden4,5,"Road,"
PerfTenant3,Camden1,5,UPEND
PerfTenant14,Camden1,5,ROAD PETERBOROUGH PE1
PerfTenant8,Camden3,5,STREET KIMBOLTON CAMBRIDGESHIRE
PerfTenant23,Camden1,5,Lode
PerfTenant21,Camden2,5,WISBECH
PerfTenant16,Camden4,5,SUB STATION
PerfTenant21,Camden1,5,ROAD MARCH CAMBRIDGESHIRE
PerfTenant4,Camden4,5,"Street,"
PerfTenant19,Camden4,5,CLOSE
PerfTenant12,Camden3,5,11
PerfTenant13,Camden3,5,Cambridge Cambridgeshire CB5
PerfTenant19,Camden3,5,NEOTS CAMBRIDGESHIRE PE19
PerfTenant12,Camden4,5,LONDON
PerfTenant17,Camden4,5,The
PerfTenant14,Camden3,5,Broadhurst
PerfTenant10,Camden3,5,25 Linstead
PerfTenant20,Camden1,5,Cambridge
PerfTenant9,Camden3,5,39 NORMANGATE AILSWORTH
PerfTenant11,Camden1,5,ST
PerfTenant2,Camden2,5,LITTLE WHYTE RAMSEY
PerfTenant4,Camden4,5,149 HILLROW HADDENHAM
PerfTenant1,Camden4,5,Cambridge Cambridgeshire CB1
PerfTenant16,Camden4,5,INFORMAL
PerfTenant13,Camden3,5,VILLAGE FARM
PerfTenant20,Camden2,5,"Street, London, NW1"
PerfTenant12,Camden2,5,10
PerfTenant17,Camden2,5,"Mansfield Road,"
PerfTenant8,Camden1,5,CULLEY COURT
PerfTenant10,Camden3,5,WAY
PerfTenant20,Camden1,5,DRIVE FENGATE PETERBOROUGH
PerfTenant5,Camden2,5,The
PerfTenant17,Camden1,5,173 Boxworth End
PerfTenant19,Camden3,5,LARKSFIELD WISBECH
PerfTenant5,Camden3,5,TOLL HOUSE 58
PerfTenant16,Camden3,5,Canfield
PerfTenant6,Camden2,5,AVENUE PETERBOROUGH PE1
PerfTenant1,Camden1,5,AVENUE
PerfTenant18,Camden2,5,Leete Road Cambridge
PerfTenant24,Camden3,5,4 CHESTNUT
PerfTenant14,Camden2,5,34
PerfTenant12,Camden1,5,35 STAITHE ROAD
PerfTenant15,Camden3,5,7 THE AVENUE
PerfTenant21,Camden2,5,WISBECH CAMBRIDGESHIRE PE13
PerfTenant15,Camden2,5,Comberton Cambridgeshire CB23
PerfTenant3,Camden2,5,Sawston Cambridgeshire
PerfTenant2,Camden2,5,THORNEY PETERBOROUGH PE6
PerfTenant20,Camden1,5,High Street
PerfTenant22,Camden2,5,5 PARKHALL ROAD
PerfTenant21,Camden3,5,57 Lambs Lane
PerfTenant19,Camden2,5,LODE
PerfTenant12,Camden3,5,WALK YAXLEY CAMBRIDGESHIRE
PerfTenant8,Camden2,5,2 Mangers
PerfTenant3,Camden3,5,Babraham
PerfTenant23,Camden1,5,Road Cambridge Cambridgeshire
PerfTenant3,Camden1,5,The
PerfTenant11,Camden1,5,Road Sawston
PerfTenant5,Camden2,5,EASTERN
PerfTenant22,Camden1,5,39 Bermuda Terrace
PerfTenant8,Camden2,5,EASTGATE
PerfTenant16,Camden2,5,Street
PerfTenant9,Camden1,5,OPEN SPACE
PerfTenant19,Camden1,5,Grange
PerfTenant13,Camden2,5,Cambridge Cambridgeshire CB4
PerfTenant6,Camden3,5,Thriplow Cambridgeshire
PerfTenant7,Camden4,5,CHAPEL LANE WIMBLINGTON
PerfTenant1,Camden4,5,"79 Rowley Way,"
PerfTenant11,Camden1,5,Fields
PerfTenant15,Camden4,5,Church End Coton
PerfTenant23,Camden2,5,EATON SOCON CAMBRIDGESHIRE
PerfTenant23,Camden3,5,7
PerfTenant5,Camden4,5,31
PerfTenant14,Camden1,5,DEVELOPMENT
PerfTenant22,Camden3,5,Cambridge Cambridgeshire CB2
PerfTenant14,Camden4,5,"Gardens,"
PerfTenant3,Camden3,5,CHIPPENHAM
PerfTenant9,Camden1,5,CLOSE WISBECH CAMBRIDGESHIRE
PerfTenant7,Camden1,5,3 GRASMERE
PerfTenant25,Camden2,5,GARAGE 32
PerfTenant7,Camden4,5,Road Willingham
PerfTenant3,Camden1,5,LANE RAMSEY
PerfTenant19,Camden2,5,43
PerfTenant24,Camden2,5,"House,"
PerfTenant25,Camden2,5,"Gardens,"
PerfTenant12,Camden1,5,"Park Gardens, London,"
PerfTenant2,Camden2,5,Mill
PerfTenant24,Camden1,5,STREET PETERBOROUGH PE1
PerfTenant9,Camden2,5,47 The Valley
PerfTenant22,Camden1,5,KENT CLOSE ST
PerfTenant5,Camden1,5,31
PerfTenant17,Camden4,5,Common West Wratting
PerfTenant16,Camden3,5,"Halls,"
PerfTenant22,Camden4,5,22 ROUNDHOUSE
PerfTenant14,Camden2,5,"Road, London,"
PerfTenant24,Camden2,5,"Agamemnon Road,"
PerfTenant15,Camden4,5,Chimneys
PerfTenant24,Camden4,5,"Road,"
PerfTenant4,Camden1,5,Way
PerfTenant15,Camden3,5,HIGH STREET CATWORTH
PerfTenant12,Camden4,5,Close
PerfTenant23,Camden3,5,TEAL ROAD WHITTLESEY
PerfTenant15,Camden2,5,"14 Adamson Road,"
PerfTenant24,Camden4,5,3016
PerfTenant20,Camden1,5,OLD RAILWAY
PerfTenant21,Camden3,5,"Tudor Close,"
PerfTenant3,Camden2,5,LADY LODGE
PerfTenant3,Camden1,5,CASE
PerfTenant12,Camden2,5,ST NEOTS CAMBRIDGESHIRE
PerfTenant23,Camden4,5,8 Gunhild
PerfTenant14,Camden2,5,Place Cambridge
PerfTenant19,Camden4,5,"15 Burghley Road,"
PerfTenant4,Camden2,5,"Street,"
PerfTenant7,Camden4,5,HAWTHORNE
PerfTenant23,Camden3,5,WESTWOOD PETERBOROUGH
PerfTenant23,Camden1,5,Way Cambridge
PerfTenant4,Camden1,5,WOODSTON
PerfTenant6,Camden3,5,CAMBRIDGE
PerfTenant20,Camden4,5,7 SHIRE
PerfTenant13,Camden4,5,11 To 14
PerfTenant16,Camden4,5,YAXLEY
PerfTenant15,Camden2,5,15 TO
PerfTenant22,Camden2,5,92
PerfTenant5,Camden1,5,Milton Cambridgeshire CB24
PerfTenant10,Camden2,5,9 BRIAR
PerfTenant14,Camden4,5,Cambridge
PerfTenant14,Camden3,5,32
PerfTenant1,Camden1,5,41 Berrycroft Willingham
PerfTenant21,Camden3,5,WOODSTON PETERBOROUGH PE2
PerfTenant1,Camden4,5,1st
PerfTenant23,Camden4,5,Wheelwright Way
PerfTenant24,Camden1,5,61
PerfTenant19,Camden2,5,EASTWOOD
PerfTenant22,Camden2,5,ROAD ISLEHAM
PerfTenant1,Camden3,5,61 MILL
PerfTenant12,Camden4,5,HOUSE SILVER
PerfTenant19,Camden3,5,ROAD DOGSTHORPE
PerfTenant15,Camden3,5,Poplar Farm Close
PerfTenant16,Camden1,5,WHITTLESEY
PerfTenant8,Camden3,5,5 FESTIVAL
PerfTenant16,Camden3,5,LITTLEPORT CAMBRIDGESHIRE
PerfTenant2,Camden2,5,And B1050
PerfTenant8,Camden1,5,GROVE
PerfTenant1,Camden1,5,STREET EYNESBURY
PerfTenant21,Camden1,5,"93 Burghley Road,"
PerfTenant12,Camden2,5,Road
PerfTenant5,Camden4,5,ALDER ROAD HAMPTON
PerfTenant1,Camden3,5,STATION ROAD MARCH
PerfTenant22,Camden4,5,"Wedgewood Walk,"
PerfTenant18,Camden4,5,Cambridge
PerfTenant14,Camden1,5,"34 Elsworthy Road,"
PerfTenant11,Camden4,5,NEWBOROUGH
PerfTenant13,Camden1,5,Landbeach Cambridgeshire
PerfTenant1,Camden1,5,RECORD
PerfTenant17,Camden3,5,CHARLES DRIVE HARTFORD
PerfTenant10,Camden2,5,Camden
PerfTenant10,Camden4,5,"Templewood Avenue,"
PerfTenant12,Camden4,5,OFFICE 257
PerfTenant17,Camden2,5,"Terrace, London,"
PerfTenant8,Camden3,5,NORHAM COURT
PerfTenant6,Camden1,5,"Way, London,"
PerfTenant4,Camden1,5,"Mews, London,"
PerfTenant1,Camden3,5,"Green,"
PerfTenant7,Camden2,5,ISLE CRESCENT
PerfTenant16,Camden3,5,MARKET
PerfTenant6,Camden4,5,HUNTINGDON CAMBRIDGESHIRE PE29
PerfTenant15,Camden4,5,"Close, London, NW5"
PerfTenant16,Camden2,5,TOWNSEND ROAD
PerfTenant11,Camden3,5,"Lodge,"
PerfTenant17,Camden1,5,26
PerfTenant19,Camden3,5,Little Eversden Cambridgeshire
PerfTenant13,Camden3,5,Broomsleigh
PerfTenant3,Camden2,5,14 HIGH
PerfTenant10,Camden2,5,64 High
PerfTenant19,Camden1,5,STREET SOHAM
PerfTenant8,Camden4,5,EYE PETERBOROUGH
PerfTenant18,Camden1,5,Cambridge Cambridgeshire CB4
PerfTenant22,Camden1,5,STREET RECORD
PerfTenant8,Camden3,5,Hill Duxford
PerfTenant18,Camden1,5,"Villas,"
PerfTenant10,Camden2,5,Road Great Shelford
PerfTenant16,Camden4,5,158
PerfTenant21,Camden3,5,SUGAR
PerfTenant6,Camden4,5,Avenue Cambridge Cambridgeshire
PerfTenant1,Camden3,5,GREEN STREET MARCH
PerfTenant21,Camden3,5,CHARLES
PerfTenant16,Camden2,5,154-158 Weedington
PerfTenant23,Camden4,5,92 ROBINGOODFELLOWS LANE
PerfTenant22,Camden3,5,BOTTISHAM CAMBRIDGESHIRE
PerfTenant10,Camden2,5,2 JUBILEE WALK
PerfTenant6,Camden1,5,24 REAR OF
PerfTenant7,Camden3,5,81 Ermine Street
PerfTenant16,Camden2,5,78
PerfTenant2,Camden3,5,38 WOODLANDS
PerfTenant9,Camden2,5,15 Hadley
PerfTenant18,Camden4,5,New Road Cottenham
PerfTenant2,Camden1,5,HUNDRED
PerfTenant8,Camden1,5,Court The
PerfTenant20,Camden1,5,Avenue
PerfTenant15,Camden1,5,ROAD EASTFIELD PETERBOROUGH
PerfTenant1,Camden2,5,Heath
PerfTenant3,Camden3,5,"Loveridge Road, London,"
PerfTenant20,Camden3,5,BRETTON
PerfTenant14,Camden4,5,124
PerfTenant23,Camden3,5,BRETTON
PerfTenant23,Camden3,5,Long Road Cambridge
PerfTenant16,Camden3,5,4 Duxford House
PerfTenant25,Camden4,5,ALTON
PerfTenant14,Camden2,5,88
PerfTenant10,Camden1,5,78
PerfTenant21,Camden3,5,WESTERN
PerfTenant20,Camden3,5,1 Portway
PerfTenant24,Camden3,5,28
PerfTenant10,Camden4,5,"Russell Square,"
PerfTenant5,Camden1,5,WAY
PerfTenant17,Camden3,5,1
PerfTenant8,Camden2,5,ABBEY WAY
PerfTenant18,Camden1,5,Cambridge
PerfTenant9,Camden1,5,144 MEADENVALE
PerfTenant2,Camden3,5,"3,"
PerfTenant23,Camden4,5,43
PerfTenant24,Camden1,5,AREA FRONTING 11
PerfTenant13,Camden1,5,Willow House High
PerfTenant1,Camden1,5,"Goldhurst Terrace,"
PerfTenant4,Camden2,5,LITTLE PAXTON
PerfTenant12,Camden4,5,Shelford Cambridgeshire
PerfTenant12,Camden2,5,ALWALTON
PerfTenant14,Camden4,5,40 ASHLEY GARDENS
PerfTenant10,Camden1,5,6 Canners
PerfTenant20,Camden2,5,House East
PerfTenant18,Camden4,5,"1, Pearson House,"
PerfTenant7,Camden4,5,LANE
PerfTenant3,Camden1,5,Flat
PerfTenant16,Camden2,5,Flat
PerfTenant14,Camden2,5,ROAD
PerfTenant14,Camden1,5,Little Eversden
PerfTenant17,Camden1,5,"Mansions,"
PerfTenant12,Camden1,5,Road Cambridge Cambridgeshire
PerfTenant21,Camden1,5,MILTON HALL
PerfTenant1,Camden4,5,Land Road Farm
PerfTenant6,Camden2,5,82 PASTON
PerfTenant16,Camden1,5,20
PerfTenant16,Camden2,5,"Belsize Avenue,"
PerfTenant9,Camden1,5,25
PerfTenant11,Camden3,5,ORTON SOUTHGATE PETERBOROUGH
PerfTenant20,Camden1,5,Yard
PerfTenant8,Camden2,5,BELL
PerfTenant9,Camden2,5,45
PerfTenant19,Camden3,5,OLDBROOK BRETTON PETERBOROUGH
PerfTenant8,Camden1,5,"Gower Mews, London,"
PerfTenant9,Camden3,5,SAPLEY CAMBRIDGESHIRE PE28
PerfTenant24,Camden3,5,8 TAMAR
PerfTenant15,Camden4,5,COURT WESTWOOD PETERBOROUGH
PerfTenant3,Camden1,5,15
PerfTenant15,Camden1,5,Flat 40 Denyer
PerfTenant14,Camden2,5,BURTON COURT
PerfTenant4,Camden3,5,Lane Balsham Cambridgeshire
PerfTenant19,Camden4,5,NEW ROAD EYE
PerfTenant3,Camden1,5,"Lancaster Grove,"
PerfTenant8,Camden4,5,Papworth Everard Cambridgeshire
PerfTenant4,Camden1,5,18 CHAPEL STREET
PerfTenant24,Camden3,5,NEOTS
PerfTenant7,Camden1,5,12 CHILDERS
PerfTenant8,Camden3,5,GODMANCHESTER CAMBRIDGESHIRE
PerfTenant24,Camden3,5,HAMPTON CENTRE
PerfTenant17,Camden1,5,HEMINGTON
PerfTenant18,Camden2,5,CANNON CLOSE
PerfTenant13,Camden4,5,Croft
PerfTenant21,Camden4,5,"B, 48"
PerfTenant14,Camden4,5,156 EASTERN AVENUE
PerfTenant12,Camden3,5,FOUNTAINS
PerfTenant1,Camden4,5,79 DESBOROUGH ROAD
PerfTenant21,Camden3,5,LANSDOWNE CLOSE ELY
PerfTenant4,Camden1,5,Adrian Way
PerfTenant17,Camden3,5,EASTFIELD
PerfTenant10,Camden4,5,BOULEVARD
PerfTenant15,Camden1,5,Annexe 29 Nightingale
PerfTenant11,Camden2,5,PINGLE
PerfTenant8,Camden1,5,YAXLEY CAMBRIDGESHIRE
PerfTenant23,Camden2,5,ELLIOTT ROAD
PerfTenant8,Camden2,5,40
PerfTenant6,Camden3,5,3 Horsecroft
PerfTenant11,Camden1,5,208
PerfTenant12,Camden1,5,WERRINGTON
PerfTenant2,Camden3,5,15
PerfTenant18,Camden1,5,Hardwick
PerfTenant9,Camden4,5,LARKSPUR
PerfTenant18,Camden4,5,5 SHAFTO COTTAGES
PerfTenant22,Camden2,5,77
PerfTenant1,Camden3,5,MOUNTBATTEN WAY WESTWOOD
PerfTenant8,Camden2,5,VINEGAR
PerfTenant21,Camden2,5,STREET RECORD BRADFORDS
PerfTenant3,Camden2,5,30
PerfTenant7,Camden1,5,31-35 Viking Way
PerfTenant23,Camden4,5,Cambridge Cambridgeshire
PerfTenant4,Camden1,5,Burton End West
PerfTenant20,Camden4,5,127 SPARROWHAWK WAY
PerfTenant19,Camden1,5,Cambridge Cambridgeshire CB1
PerfTenant19,Camden1,5,WHITTLESEY
PerfTenant16,Camden1,5,WHITTLESEY CAMBRIDGESHIRE PE7
PerfTenant13,Camden4,5,8 OLD
PerfTenant5,Camden2,5,FOLKSWORTH CAMBRIDGESHIRE PE7
PerfTenant17,Camden1,5,CLOSE
PerfTenant1,Camden1,5,Cambridge
PerfTenant6,Camden1,5,STREET NAME YAXLEY
PerfTenant25,Camden3,5,East Hatley
PerfTenant13,Camden2,5,"Flat 318,"
PerfTenant20,Camden1,5,"Road,"
PerfTenant18,Camden4,5,"C, 2 Millman"
PerfTenant22,Camden4,5,LANE SUTTON
PerfTenant6,Camden2,5,HARDWICK
PerfTenant22,Camden4,5,38
PerfTenant14,Camden3,5,RAMSEY
PerfTenant11,Camden1,5,Street Toft Cambridgeshire
PerfTenant21,Camden4,5,11 CHESTNUT DRIVE
PerfTenant1,Camden1,5,Road
PerfTenant1,Camden2,5,21
PerfTenant23,Camden1,5,11
PerfTenant8,Camden4,5,Street
PerfTenant5,Camden3,5,BAKER CLOSE BRAMPTON
PerfTenant11,Camden2,5,Rathmore Road
PerfTenant19,Camden1,5,"Court, Brunswick"
PerfTenant12,Camden4,5,PEAR TREE COTTAGE
PerfTenant16,Camden3,5,11
PerfTenant25,Camden3,5,GOREFIELD CAMBRIDGESHIRE
PerfTenant18,Camden3,5,Road Cambridge
PerfTenant16,Camden3,5,"Road,"
PerfTenant12,Camden1,5,THE WALKS NORTH
PerfTenant13,Camden1,5,"Ormond Street, London,"
PerfTenant20,Camden3,5,Cedar Close Melbourn
PerfTenant17,Camden1,5,3B NEW ROAD
PerfTenant24,Camden1,5,ADDERLEY BRETTON PETERBOROUGH
PerfTenant14,Camden4,5,"Terrace, London,"
PerfTenant5,Camden3,5,3rd Floor
PerfTenant7,Camden2,5,College Barton
PerfTenant9,Camden2,5,DROVE GOREFIELD CAMBRIDGESHIRE
PerfTenant4,Camden3,5,CHATTERIS CAMBRIDGESHIRE PE16
PerfTenant5,Camden2,5,FLETTON
PerfTenant3,Camden1,5,"4 Willes Road,"
PerfTenant21,Camden2,5,Street Little
PerfTenant6,Camden4,5,OXCLOSE BRETTON PETERBOROUGH
PerfTenant8,Camden2,5,BRIDGE
PerfTenant12,Camden3,5,134A ST JOHNS
PerfTenant3,Camden2,5,GARDENS LONGTHORPE
PerfTenant20,Camden3,5,19
PerfTenant21,Camden1,5,MATTHEW WREN CLOSE
PerfTenant20,Camden4,5,"4A,"
PerfTenant3,Camden1,5,STREET RECORD
PerfTenant3,Camden3,5,ORTON WATERVILLE
PerfTenant7,Camden2,5,COTTAGES 68
PerfTenant8,Camden1,5,"Shirlock Road, London,"
PerfTenant4,Camden4,5,7 Railway Arches
PerfTenant5,Camden4,5,FENTON
PerfTenant21,Camden1,5,WERRINGTON
PerfTenant23,Camden4,5,Shelford Cambridgeshire CB22
PerfTenant24,Camden4,5,9 FIELD
PerfTenant6,Camden3,5,LEVERINGTON CAMBRIDGESHIRE
PerfTenant11,Camden4,5,CLOSE NETHERTON PETERBOROUGH
PerfTenant13,Camden3,5,8
PerfTenant16,Camden4,5,Shelford
PerfTenant19,Camden3,5,Flat
PerfTenant18,Camden2,5,Greenfield
PerfTenant22,Camden1,5,At Conduit Head
PerfTenant24,Camden2,5,MOYNE ROAD SAWTRY
PerfTenant7,Camden2,5,40 Silverdale
PerfTenant20,Camden4,5,"2nd Floor,"
PerfTenant24,Camden2,5,LONGUEVILLE PETERBOROUGH
PerfTenant5,Camden3,5,HADDON
PerfTenant14,Camden3,5,Flat
PerfTenant4,Camden2,5,FORMER
PerfTenant2,Camden1,5,Flat
PerfTenant21,Camden1,5,23
PerfTenant17,Camden1,5,8 Wingate Way
PerfTenant21,Camden1,5,17
PerfTenant9,Camden3,5,Flat 82 Paramount
PerfTenant9,Camden3,5,Terrace Cambridge
PerfTenant3,Camden3,5,117 Gaisford
PerfTenant14,Camden4,5,7 BLAINES COURT
PerfTenant7,Camden4,5,"Square East,"
PerfTenant14,Camden1,5,YAXLEY
PerfTenant9,Camden1,5,EYNESBURY
PerfTenant5,Camden3,5,Little Chishill Cambridgeshire
PerfTenant21,Camden2,5,30 SAPLEY
PerfTenant15,Camden2,5,ELY CAMBRIDGESHIRE
PerfTenant1,Camden2,5,110 North End
PerfTenant2,Camden2,5,CHATTERIS
PerfTenant18,Camden1,5,2 Park Cottages
PerfTenant10,Camden4,5,Street Record Nelson
PerfTenant1,Camden1,5,Unit 18 Coldhams
PerfTenant15,Camden3,5,Everard Cambridgeshire CB23
PerfTenant9,Camden2,5,Flat
PerfTenant11,Camden3,5,"Doughty Street,"
PerfTenant10,Camden3,5,CLOSE EASTFIELD
PerfTenant13,Camden3,5,Pryor Close
PerfTenant20,Camden4,5,1 St
PerfTenant1,Camden2,5,"Yard,"
PerfTenant4,Camden2,5,104 CAMBRIDGE STREET
PerfTenant17,Camden3,5,Kings Cross
PerfTenant23,Camden4,5,Street Teversham Cambridgeshire
PerfTenant17,Camden4,5,Sawston Cambridgeshire
PerfTenant1,Camden2,5,ST
PerfTenant4,Camden4,5,NORTH WEST
PerfTenant12,Camden4,5,Mowbray Road
PerfTenant7,Camden1,5,Cambridge Cambridgeshire
PerfTenant10,Camden3,5,"Queen's Crescent, London,"
PerfTenant13,Camden4,5,Terrace
PerfTenant18,Camden2,5,LITTLE LANE
PerfTenant19,Camden3,5,"Upper Flat,"
PerfTenant25,Camden3,5,DUCK
PerfTenant2,Camden1,5,VERGE OPPOSITE
PerfTenant15,Camden2,5,GLASSMOOR
PerfTenant21,Camden4,5,4 PAYN CLOSE
PerfTenant10,Camden4,5,CHATTERIS CAMBRIDGESHIRE
